"","suiteid","gname","Ts","qry","qps","qsucc","qtotalTime","qtimeouts","qunkexcep","qfailed","dstype"
"1",268,"dbpseed1prdrotatednt","Virtuoso","sparql9",7.12864484175267,996,139718,0,0,0,"rot"
"2",268,"dbpseed1prdrotatednt","Virtuoso","sparql8",306.084818684696,996,3254,0,0,0,"rot"
"3",268,"dbpseed1prdrotatednt","Virtuoso","sparql7",6.10357696573785,996,163183,0,0,0,"rot"
"4",268,"dbpseed1prdrotatednt","Virtuoso","sparql6",93.9268200678989,996,10604,0,0,0,"rot"
"5",268,"dbpseed1prdrotatednt","Virtuoso","sparql5",43.8824514252985,996,22697,0,0,0,"rot"
"6",268,"dbpseed1prdrotatednt","Virtuoso","sparql4",236.242884250474,996,4216,0,0,0,"rot"
"7",268,"dbpseed1prdrotatednt","Virtuoso","sparql3",12.9719592086584,996,76781,0,0,0,"rot"
"8",268,"dbpseed1prdrotatednt","Virtuoso","sparql2",0.626440703550774,996,1589935,0,0,0,"rot"
"9",268,"dbpseed1prdrotatednt","Virtuoso","sparql1",4.89829641578471,996,203336,0,0,0,"rot"
"10",268,"dbpseed1prdrotatednt","Virtuoso","sparql0",7.68696457513313,996,129570,0,0,0,"rot"
"11",268,"dbpseed1prdrotatednt","Virtuoso","sparql19",124.812030075188,996,7980,0,0,0,"rot"
"12",268,"dbpseed1prdrotatednt","Virtuoso","sparql18",1.69842980505573,996,586424,0,0,0,"rot"
"13",268,"dbpseed1prdrotatednt","Virtuoso","sparql17",301.515151515152,995,3300,0,0,0,"rot"
"14",268,"dbpseed1prdrotatednt","Virtuoso","sparql16",40.2896322964281,996,24721,0,0,0,"rot"
"15",268,"dbpseed1prdrotatednt","Virtuoso","sparql15",468.926553672316,996,2124,0,0,0,"rot"
"16",268,"dbpseed1prdrotatednt","Virtuoso","sparql14",227.293473299863,996,4382,0,0,0,"rot"
"17",268,"dbpseed1prdrotatednt","Virtuoso","sparql13",4.40932332824225,996,225885,0,0,0,"rot"
"18",268,"dbpseed1prdrotatednt","Virtuoso","sparql12",3.14845520017214,995,316028,0,0,0,"rot"
"19",268,"dbpseed1prdrotatednt","Virtuoso","sparql11",167.620329855268,996,5942,0,0,0,"rot"
"20",268,"dbpseed1prdrotatednt","Virtuoso","sparql10",292.475014697237,995,3402,0,0,0,"rot"
"21",268,"dbpseed1prdrotatednt","Virtuoso","sparql23",261.417322834646,996,3810,0,0,0,"rot"
"22",268,"dbpseed1prdrotatednt","Virtuoso","sparql22",114.852398523985,996,8672,0,0,0,"rot"
"23",268,"dbpseed1prdrotatednt","Virtuoso","sparql21",134.051144010767,996,7430,0,0,0,"rot"
"24",268,"dbpseed1prdrotatednt","Virtuoso","sparql20",33.2166083041521,996,29985,0,0,0,"rot"
"25",269,"dbpseed123prdrotatednt","Virtuoso","sparql9",9.25148992017901,860,92958,0,0,0,"rot"
"26",269,"dbpseed123prdrotatednt","Virtuoso","sparql8",327.612509534706,859,2622,0,0,0,"rot"
"27",269,"dbpseed123prdrotatednt","Virtuoso","sparql7",8.16838266023327,860,105284,0,0,0,"rot"
"28",269,"dbpseed123prdrotatednt","Virtuoso","sparql6",125.971550080657,859,6819,0,0,0,"rot"
"29",269,"dbpseed123prdrotatednt","Virtuoso","sparql5",66.2553027381412,859,12965,0,0,0,"rot"
"30",269,"dbpseed123prdrotatednt","Virtuoso","sparql4",49.536317032429,860,17361,0,0,0,"rot"
"31",269,"dbpseed123prdrotatednt","Virtuoso","sparql3",14.9508014324954,860,57522,0,0,0,"rot"
"32",269,"dbpseed123prdrotatednt","Virtuoso","sparql2",0.628203637438011,859,1367391,0,0,0,"rot"
"33",269,"dbpseed123prdrotatednt","Virtuoso","sparql1",4.85689113786794,860,177068,0,0,0,"rot"
"34",269,"dbpseed123prdrotatednt","Virtuoso","sparql0",8.24149496885482,860,104350,0,0,0,"rot"
"35",269,"dbpseed123prdrotatednt","Virtuoso","sparql19",200.60648472125,860,4287,0,0,0,"rot"
"36",269,"dbpseed123prdrotatednt","Virtuoso","sparql18",0.775595088859749,860,1108826,0,0,0,"rot"
"37",269,"dbpseed123prdrotatednt","Virtuoso","sparql17",313.732651570489,859,2738,0,0,0,"rot"
"38",269,"dbpseed123prdrotatednt","Virtuoso","sparql16",60.1398601398601,860,14300,0,0,0,"rot"
"39",269,"dbpseed123prdrotatednt","Virtuoso","sparql15",461.621041331186,860,1863,0,0,0,"rot"
"40",269,"dbpseed123prdrotatednt","Virtuoso","sparql14",231.431646932185,860,3716,0,0,0,"rot"
"41",269,"dbpseed123prdrotatednt","Virtuoso","sparql13",5.49373331118805,860,156542,0,0,0,"rot"
"42",269,"dbpseed123prdrotatednt","Virtuoso","sparql12",3.06551421413634,859,280214,0,0,0,"rot"
"43",269,"dbpseed123prdrotatednt","Virtuoso","sparql11",82.312404287902,860,10448,0,0,0,"rot"
"44",269,"dbpseed123prdrotatednt","Virtuoso","sparql10",211.264141662568,859,4066,0,0,0,"rot"
"45",269,"dbpseed123prdrotatednt","Virtuoso","sparql23",56.5826699124942,860,15199,0,0,0,"rot"
"46",269,"dbpseed123prdrotatednt","Virtuoso","sparql22",180.293501048218,860,4770,0,0,0,"rot"
"47",269,"dbpseed123prdrotatednt","Virtuoso","sparql21",91.6942104701994,860,9379,0,0,0,"rot"
"48",269,"dbpseed123prdrotatednt","Virtuoso","sparql20",52.4038754493937,860,16411,0,0,0,"rot"
"49",270,"dbpseed159prdrotatednt","Virtuoso","sparql9",9.39066739618344,841,89557,0,0,0,"rot"
"50",270,"dbpseed159prdrotatednt","Virtuoso","sparql8",312.175204157387,841,2694,0,0,0,"rot"
"51",270,"dbpseed159prdrotatednt","Virtuoso","sparql7",10.8559552853399,841,77469,0,0,0,"rot"
"52",270,"dbpseed159prdrotatednt","Virtuoso","sparql6",102.510970258411,841,8204,0,0,0,"rot"
"53",270,"dbpseed159prdrotatednt","Virtuoso","sparql5",35.8773089885244,841,23441,0,0,0,"rot"
"54",270,"dbpseed159prdrotatednt","Virtuoso","sparql4",259.64803951837,841,3239,0,0,0,"rot"
"55",270,"dbpseed159prdrotatednt","Virtuoso","sparql3",13.6506029963155,841,61609,0,0,0,"rot"
"56",270,"dbpseed159prdrotatednt","Virtuoso","sparql2",0.443037074459202,841,1898261,0,0,0,"rot"
"57",270,"dbpseed159prdrotatednt","Virtuoso","sparql1",5.28804436675511,841,159038,0,0,0,"rot"
"58",270,"dbpseed159prdrotatednt","Virtuoso","sparql0",8.06266058212218,841,104308,0,0,0,"rot"
"59",270,"dbpseed159prdrotatednt","Virtuoso","sparql19",198.349056603774,841,4240,0,0,0,"rot"
"60",270,"dbpseed159prdrotatednt","Virtuoso","sparql18",1.7798339103861,841,472516,0,0,0,"rot"
"61",270,"dbpseed159prdrotatednt","Virtuoso","sparql17",326.348467209934,841,2577,0,0,0,"rot"
"62",270,"dbpseed159prdrotatednt","Virtuoso","sparql16",29.1326035748926,841,28868,0,0,0,"rot"
"63",270,"dbpseed159prdrotatednt","Virtuoso","sparql15",408.252427184466,841,2060,0,0,0,"rot"
"64",270,"dbpseed159prdrotatednt","Virtuoso","sparql14",235.640235360045,841,3569,0,0,0,"rot"
"65",270,"dbpseed159prdrotatednt","Virtuoso","sparql13",7.6446900764469,841,110011,0,0,0,"rot"
"66",270,"dbpseed159prdrotatednt","Virtuoso","sparql12",2.79513427279979,841,300880,0,0,0,"rot"
"67",270,"dbpseed159prdrotatednt","Virtuoso","sparql11",8.74478117275616,842,96286,0,0,0,"rot"
"68",270,"dbpseed159prdrotatednt","Virtuoso","sparql10",37.5345889493886,841,22406,0,0,0,"rot"
"69",270,"dbpseed159prdrotatednt","Virtuoso","sparql23",278.846153846154,841,3016,0,0,0,"rot"
"70",270,"dbpseed159prdrotatednt","Virtuoso","sparql22",182.508680555556,841,4608,0,0,0,"rot"
"71",270,"dbpseed159prdrotatednt","Virtuoso","sparql21",14.9436724830307,841,56278,0,0,0,"rot"
"72",270,"dbpseed159prdrotatednt","Virtuoso","sparql20",20.7664576028446,841,40498,0,0,0,"rot"
"73",271,"dbpseed321prdrotatednt","Virtuoso","sparql9",7.12573401658273,324,45469,0,0,0,"rot"
"74",271,"dbpseed321prdrotatednt","Virtuoso","sparql8",293.478260869565,324,1104,0,0,0,"rot"
"75",271,"dbpseed321prdrotatednt","Virtuoso","sparql7",6.86717110701342,324,47181,0,0,0,"rot"
"76",271,"dbpseed321prdrotatednt","Virtuoso","sparql6",96.6875559534467,324,3351,0,0,0,"rot"
"77",271,"dbpseed321prdrotatednt","Virtuoso","sparql5",35.487404162103,324,9130,0,0,0,"rot"
"78",271,"dbpseed321prdrotatednt","Virtuoso","sparql4",103.580562659847,324,3128,0,0,0,"rot"
"79",271,"dbpseed321prdrotatednt","Virtuoso","sparql3",11.7450880881607,324,27586,0,0,0,"rot"
"80",271,"dbpseed321prdrotatednt","Virtuoso","sparql2",0.419196617445566,324,772907,0,0,0,"rot"
"81",271,"dbpseed321prdrotatednt","Virtuoso","sparql1",4.33676883951278,324,74710,0,0,0,"rot"
"82",271,"dbpseed321prdrotatednt","Virtuoso","sparql0",6.57948176427585,324,49244,0,0,0,"rot"
"83",271,"dbpseed321prdrotatednt","Virtuoso","sparql19",0.541854043920281,324,597947,0,0,0,"rot"
"84",271,"dbpseed321prdrotatednt","Virtuoso","sparql18",0.192033958694382,325,1692409,0,0,0,"rot"
"85",271,"dbpseed321prdrotatednt","Virtuoso","sparql17",315.175097276265,324,1028,0,0,0,"rot"
"86",271,"dbpseed321prdrotatednt","Virtuoso","sparql16",25.2348784843544,325,12879,0,0,0,"rot"
"87",271,"dbpseed321prdrotatednt","Virtuoso","sparql15",451.882845188285,324,717,0,0,0,"rot"
"88",271,"dbpseed321prdrotatednt","Virtuoso","sparql14",221.009549795362,324,1466,0,0,0,"rot"
"89",271,"dbpseed321prdrotatednt","Virtuoso","sparql13",4.70155947111073,325,69126,0,0,0,"rot"
"90",271,"dbpseed321prdrotatednt","Virtuoso","sparql12",3.03606735571652,324,106717,0,0,0,"rot"
"91",271,"dbpseed321prdrotatednt","Virtuoso","sparql11",76.3448437867043,325,4257,0,0,0,"rot"
"92",271,"dbpseed321prdrotatednt","Virtuoso","sparql10",266.886326194399,324,1214,0,0,0,"rot"
"93",271,"dbpseed321prdrotatednt","Virtuoso","sparql23",257.756563245823,324,1257,0,0,0,"rot"
"94",271,"dbpseed321prdrotatednt","Virtuoso","sparql22",5.93754581439672,324,54568,0,0,0,"rot"
"95",271,"dbpseed321prdrotatednt","Virtuoso","sparql21",107.820299500832,324,3005,0,0,0,"rot"
"96",271,"dbpseed321prdrotatednt","Virtuoso","sparql20",31.6715542521994,324,10230,0,0,0,"rot"
"97",272,"dbpseed333prdrotatednt","Virtuoso","sparql9",7.36542635135895,655,88929,0,0,0,"rot"
"98",272,"dbpseed333prdrotatednt","Virtuoso","sparql8",318.713450292398,654,2052,0,0,0,"rot"
"99",272,"dbpseed333prdrotatednt","Virtuoso","sparql7",5.76724662474978,654,113399,0,0,0,"rot"
"100",272,"dbpseed333prdrotatednt","Virtuoso","sparql6",102.044000624122,654,6409,0,0,0,"rot"
"101",272,"dbpseed333prdrotatednt","Virtuoso","sparql5",37.943838477605,654,17236,0,0,0,"rot"
"102",272,"dbpseed333prdrotatednt","Virtuoso","sparql4",222.184531886024,655,2948,0,0,0,"rot"
"103",272,"dbpseed333prdrotatednt","Virtuoso","sparql3",12.1595782204318,655,53867,0,0,0,"rot"
"104",272,"dbpseed333prdrotatednt","Virtuoso","sparql2",0.5962980286606,654,1096767,0,0,0,"rot"
"105",272,"dbpseed333prdrotatednt","Virtuoso","sparql1",4.71582645758636,655,138894,0,0,0,"rot"
"106",272,"dbpseed333prdrotatednt","Virtuoso","sparql0",7.34733252568762,655,89148,0,0,0,"rot"
"107",272,"dbpseed333prdrotatednt","Virtuoso","sparql19",2.70738351017439,655,241931,0,0,0,"rot"
"108",272,"dbpseed333prdrotatednt","Virtuoso","sparql18",0.5586463529775,655,1172477,0,0,0,"rot"
"109",272,"dbpseed333prdrotatednt","Virtuoso","sparql17",312.619502868069,654,2092,0,0,0,"rot"
"110",272,"dbpseed333prdrotatednt","Virtuoso","sparql16",30.5361305361305,655,21450,0,0,0,"rot"
"111",272,"dbpseed333prdrotatednt","Virtuoso","sparql15",471.562275017999,655,1389,0,0,0,"rot"
"112",272,"dbpseed333prdrotatednt","Virtuoso","sparql14",228.621291448517,655,2865,0,0,0,"rot"
"113",272,"dbpseed333prdrotatednt","Virtuoso","sparql13",3.83164175612039,655,170945,0,0,0,"rot"
"114",272,"dbpseed333prdrotatednt","Virtuoso","sparql12",2.88839914672979,654,226423,0,0,0,"rot"
"115",272,"dbpseed333prdrotatednt","Virtuoso","sparql11",200.489745944291,655,3267,0,0,0,"rot"
"116",272,"dbpseed333prdrotatednt","Virtuoso","sparql10",271.933471933472,654,2405,0,0,0,"rot"
"117",272,"dbpseed333prdrotatednt","Virtuoso","sparql23",300.872760679835,655,2177,0,0,0,"rot"
"118",272,"dbpseed333prdrotatednt","Virtuoso","sparql22",5.78361338972724,655,113251,0,0,0,"rot"
"119",272,"dbpseed333prdrotatednt","Virtuoso","sparql21",131.578947368421,655,4978,0,0,0,"rot"
"120",272,"dbpseed333prdrotatednt","Virtuoso","sparql20",78.5183409254375,655,8342,0,0,0,"rot"
"121",273,"dbpseed1prdrotatednt","GraphDB","sparql9",0.308800410664442,77,249352,0,0,0,"rot"
"122",273,"dbpseed1prdrotatednt","GraphDB","sparql8",220.289855072464,76,345,0,0,0,"rot"
"123",273,"dbpseed1prdrotatednt","GraphDB","sparql7",119.93769470405,77,642,0,0,0,"rot"
"124",273,"dbpseed1prdrotatednt","GraphDB","sparql6",73.4299516908213,76,1035,0,0,0,"rot"
"125",273,"dbpseed1prdrotatednt","GraphDB","sparql5",23.149558330795,76,3283,0,0,0,"rot"
"126",273,"dbpseed1prdrotatednt","GraphDB","sparql4",214.484679665738,77,359,0,0,0,"rot"
"127",273,"dbpseed1prdrotatednt","GraphDB","sparql3",1.84647850171459,77,41701,0,0,0,"rot"
"128",273,"dbpseed1prdrotatednt","GraphDB","sparql2",0.02924669743214,76,2598584,0,0,0,"rot"
"129",273,"dbpseed1prdrotatednt","GraphDB","sparql1",1.19516965200385,77,64426,0,0,0,"rot"
"130",273,"dbpseed1prdrotatednt","GraphDB","sparql0",0.58730655113762,77,131107,0,0,0,"rot"
"131",273,"dbpseed1prdrotatednt","GraphDB","sparql19",3.61791100878636,77,21283,0,0,0,"rot"
"132",273,"dbpseed1prdrotatednt","GraphDB","sparql18",0.330619675735092,77,232896,0,0,0,"rot"
"133",273,"dbpseed1prdrotatednt","GraphDB","sparql17",253.333333333333,76,300,0,0,0,"rot"
"134",273,"dbpseed1prdrotatednt","GraphDB","sparql16",44.151376146789,77,1744,0,0,0,"rot"
"135",273,"dbpseed1prdrotatednt","GraphDB","sparql15",326.271186440678,77,236,0,0,0,"rot"
"136",273,"dbpseed1prdrotatednt","GraphDB","sparql14",250,77,308,0,0,0,"rot"
"137",273,"dbpseed1prdrotatednt","GraphDB","sparql13",8.72323552735924,77,8827,0,0,0,"rot"
"138",273,"dbpseed1prdrotatednt","GraphDB","sparql12",0.363165464875688,76,209271,0,0,0,"rot"
"139",273,"dbpseed1prdrotatednt","GraphDB","sparql11",122.611464968153,77,628,0,0,0,"rot"
"140",273,"dbpseed1prdrotatednt","GraphDB","sparql10",264.808362369338,76,287,0,0,0,"rot"
"141",273,"dbpseed1prdrotatednt","GraphDB","sparql23",258.389261744966,77,298,0,0,0,"rot"
"142",273,"dbpseed1prdrotatednt","GraphDB","sparql22",25.7009345794393,77,2996,0,0,0,"rot"
"143",273,"dbpseed1prdrotatednt","GraphDB","sparql21",137.5,77,560,0,0,0,"rot"
"144",273,"dbpseed1prdrotatednt","GraphDB","sparql20",36.5448504983389,77,2107,0,0,0,"rot"
"145",274,"dbpseed123prdrotatednt","GraphDB","sparql9",0.16078431372549,41,255000,0,0,0,"rot"
"146",274,"dbpseed123prdrotatednt","GraphDB","sparql8",157.088122605364,41,261,0,0,0,"rot"
"147",274,"dbpseed123prdrotatednt","GraphDB","sparql7",85.7740585774059,41,478,0,0,0,"rot"
"148",274,"dbpseed123prdrotatednt","GraphDB","sparql6",98.5576923076923,41,416,0,0,0,"rot"
"149",274,"dbpseed123prdrotatednt","GraphDB","sparql5",22.3433242506812,41,1835,0,0,0,"rot"
"150",274,"dbpseed123prdrotatednt","GraphDB","sparql4",66.0225442834139,41,621,0,0,0,"rot"
"151",274,"dbpseed123prdrotatednt","GraphDB","sparql3",1.80354550653235,41,22733,0,0,0,"rot"
"152",274,"dbpseed123prdrotatednt","GraphDB","sparql2",0.02788125577176,41,1470522,0,0,0,"rot"
"153",274,"dbpseed123prdrotatednt","GraphDB","sparql1",1.19939152820033,41,34184,0,0,0,"rot"
"154",274,"dbpseed123prdrotatednt","GraphDB","sparql0",0.636122445813228,41,64453,0,0,0,"rot"
"155",274,"dbpseed123prdrotatednt","GraphDB","sparql19",139.455782312925,41,294,0,0,0,"rot"
"156",274,"dbpseed123prdrotatednt","GraphDB","sparql18",0.0271570298952533,41,1509738,0,0,0,"rot"
"157",274,"dbpseed123prdrotatednt","GraphDB","sparql17",212.435233160622,41,193,0,0,0,"rot"
"158",274,"dbpseed123prdrotatednt","GraphDB","sparql16",33.5241210139002,41,1223,0,0,0,"rot"
"159",274,"dbpseed123prdrotatednt","GraphDB","sparql15",254.658385093168,41,161,0,0,0,"rot"
"160",274,"dbpseed123prdrotatednt","GraphDB","sparql14",196.172248803828,41,209,0,0,0,"rot"
"161",274,"dbpseed123prdrotatednt","GraphDB","sparql13",8.81242131766681,42,4766,0,0,0,"rot"
"162",274,"dbpseed123prdrotatednt","GraphDB","sparql12",0.268526705308315,41,152685,0,0,0,"rot"
"163",274,"dbpseed123prdrotatednt","GraphDB","sparql11",95.8904109589041,42,438,0,0,0,"rot"
"164",274,"dbpseed123prdrotatednt","GraphDB","sparql10",158.914728682171,41,258,0,0,0,"rot"
"165",274,"dbpseed123prdrotatednt","GraphDB","sparql23",71.1805555555556,41,576,0,0,0,"rot"
"166",274,"dbpseed123prdrotatednt","GraphDB","sparql22",21.0688591983556,41,1946,0,0,0,"rot"
"167",274,"dbpseed123prdrotatednt","GraphDB","sparql21",11.1930111930112,41,3663,0,0,0,"rot"
"168",274,"dbpseed123prdrotatednt","GraphDB","sparql20",44.7598253275109,41,916,0,0,0,"rot"
"169",275,"dbpseed159prdrotatednt","GraphDB","sparql9",0.127656858364716,40,313340,0,0,0,"rot"
"170",275,"dbpseed159prdrotatednt","GraphDB","sparql8",212.765957446808,40,188,0,0,0,"rot"
"171",275,"dbpseed159prdrotatednt","GraphDB","sparql7",162.60162601626,40,246,0,0,0,"rot"
"172",275,"dbpseed159prdrotatednt","GraphDB","sparql6",72.5952813067151,40,551,0,0,0,"rot"
"173",275,"dbpseed159prdrotatednt","GraphDB","sparql5",21.4938205265986,40,1861,0,0,0,"rot"
"174",275,"dbpseed159prdrotatednt","GraphDB","sparql4",200,40,200,0,0,0,"rot"
"175",275,"dbpseed159prdrotatednt","GraphDB","sparql3",1.66715291960155,40,23993,0,0,0,"rot"
"176",275,"dbpseed159prdrotatednt","GraphDB","sparql2",0.028912262847164,40,1383496,0,0,0,"rot"
"177",275,"dbpseed159prdrotatednt","GraphDB","sparql1",1.15510121574403,40,34629,0,0,0,"rot"
"178",275,"dbpseed159prdrotatednt","GraphDB","sparql0",0.522425097301674,40,76566,0,0,0,"rot"
"179",275,"dbpseed159prdrotatednt","GraphDB","sparql19",40.2414486921529,40,994,0,0,0,"rot"
"180",275,"dbpseed159prdrotatednt","GraphDB","sparql18",0.02511800753917,40,1592483,0,0,0,"rot"
"181",275,"dbpseed159prdrotatednt","GraphDB","sparql17",236.686390532544,40,169,0,0,0,"rot"
"182",275,"dbpseed159prdrotatednt","GraphDB","sparql16",24.4349419670128,40,1637,0,0,0,"rot"
"183",275,"dbpseed159prdrotatednt","GraphDB","sparql15",227.272727272727,40,176,0,0,0,"rot"
"184",275,"dbpseed159prdrotatednt","GraphDB","sparql14",197.044334975369,40,203,0,0,0,"rot"
"185",275,"dbpseed159prdrotatednt","GraphDB","sparql13",18.0378354597448,41,2273,0,0,0,"rot"
"186",275,"dbpseed159prdrotatednt","GraphDB","sparql12",0.306067794016375,40,130690,0,0,0,"rot"
"187",275,"dbpseed159prdrotatednt","GraphDB","sparql11",42.3116615067079,41,969,0,0,0,"rot"
"188",275,"dbpseed159prdrotatednt","GraphDB","sparql10",28.030833917309,40,1427,0,0,0,"rot"
"189",275,"dbpseed159prdrotatednt","GraphDB","sparql23",176.211453744493,40,227,0,0,0,"rot"
"190",275,"dbpseed159prdrotatednt","GraphDB","sparql22",90.4977375565611,40,442,0,0,0,"rot"
"191",275,"dbpseed159prdrotatednt","GraphDB","sparql21",5.24246395806029,40,7630,0,0,0,"rot"
"192",275,"dbpseed159prdrotatednt","GraphDB","sparql20",18.2815356489945,40,2188,0,0,0,"rot"
"193",276,"dbpseed321prdrotatednt","GraphDB","sparql9",0.205050902501067,37,180443,0,0,0,"rot"
"194",276,"dbpseed321prdrotatednt","GraphDB","sparql8",231.25,37,160,0,0,0,"rot"
"195",276,"dbpseed321prdrotatednt","GraphDB","sparql7",117.460317460317,37,315,0,0,0,"rot"
"196",276,"dbpseed321prdrotatednt","GraphDB","sparql6",78.3898305084746,37,472,0,0,0,"rot"
"197",276,"dbpseed321prdrotatednt","GraphDB","sparql5",29.110936270653,37,1271,0,0,0,"rot"
"198",276,"dbpseed321prdrotatednt","GraphDB","sparql4",117.088607594937,37,316,0,0,0,"rot"
"199",276,"dbpseed321prdrotatednt","GraphDB","sparql3",1.56269797693965,37,23677,0,0,0,"rot"
"200",276,"dbpseed321prdrotatednt","GraphDB","sparql2",0.0289947746714187,37,1276092,0,0,0,"rot"
"201",276,"dbpseed321prdrotatednt","GraphDB","sparql1",1.17572291070861,37,31470,0,0,0,"rot"
"202",276,"dbpseed321prdrotatednt","GraphDB","sparql0",0.615517700292787,37,60112,0,0,0,"rot"
"203",276,"dbpseed321prdrotatednt","GraphDB","sparql19",0.11531760650516,37,320853,0,0,0,"rot"
"204",276,"dbpseed321prdrotatednt","GraphDB","sparql18",0.0236307421905187,37,1565757,0,0,0,"rot"
"205",276,"dbpseed321prdrotatednt","GraphDB","sparql17",216.374269005848,37,171,0,0,0,"rot"
"206",276,"dbpseed321prdrotatednt","GraphDB","sparql16",20.1634877384196,37,1835,0,0,0,"rot"
"207",276,"dbpseed321prdrotatednt","GraphDB","sparql15",268.115942028986,37,138,0,0,0,"rot"
"208",276,"dbpseed321prdrotatednt","GraphDB","sparql14",190.721649484536,37,194,0,0,0,"rot"
"209",276,"dbpseed321prdrotatednt","GraphDB","sparql13",9.87525987525988,38,3848,0,0,0,"rot"
"210",276,"dbpseed321prdrotatednt","GraphDB","sparql12",0.450242157268369,37,82178,0,0,0,"rot"
"211",276,"dbpseed321prdrotatednt","GraphDB","sparql11",89.622641509434,38,424,0,0,0,"rot"
"212",276,"dbpseed321prdrotatednt","GraphDB","sparql10",145.669291338583,37,254,0,0,0,"rot"
"213",276,"dbpseed321prdrotatednt","GraphDB","sparql23",160.869565217391,37,230,0,0,0,"rot"
"214",276,"dbpseed321prdrotatednt","GraphDB","sparql22",140.151515151515,37,264,0,0,0,"rot"
"215",276,"dbpseed321prdrotatednt","GraphDB","sparql21",66.6666666666667,37,555,0,0,0,"rot"
"216",276,"dbpseed321prdrotatednt","GraphDB","sparql20",21.3256484149856,37,1735,0,0,0,"rot"
"217",277,"dbpseed333prdrotatednt","GraphDB","sparql9",0.166089746462684,63,379313,0,0,0,"rot"
"218",277,"dbpseed333prdrotatednt","GraphDB","sparql8",243.137254901961,62,255,0,0,0,"rot"
"219",277,"dbpseed333prdrotatednt","GraphDB","sparql7",115.808823529412,63,544,0,0,0,"rot"
"220",277,"dbpseed333prdrotatednt","GraphDB","sparql6",74.3405275779376,62,834,0,0,0,"rot"
"221",277,"dbpseed333prdrotatednt","GraphDB","sparql5",17.7345537757437,62,3496,0,0,0,"rot"
"222",277,"dbpseed333prdrotatednt","GraphDB","sparql4",151.807228915663,63,415,0,0,0,"rot"
"223",277,"dbpseed333prdrotatednt","GraphDB","sparql3",1.64426464831006,63,38315,0,0,0,"rot"
"224",277,"dbpseed333prdrotatednt","GraphDB","sparql2",0.0286157632239442,62,2166638,0,0,0,"rot"
"225",277,"dbpseed333prdrotatednt","GraphDB","sparql1",1.13597432337402,63,55459,0,0,0,"rot"
"226",277,"dbpseed333prdrotatednt","GraphDB","sparql0",0.566027564643942,63,111302,0,0,0,"rot"
"227",277,"dbpseed333prdrotatednt","GraphDB","sparql19",34.6344145134689,63,1819,0,0,0,"rot"
"228",277,"dbpseed333prdrotatednt","GraphDB","sparql18",0.093453230366663,63,674134,0,0,0,"rot"
"229",277,"dbpseed333prdrotatednt","GraphDB","sparql17",245.059288537549,62,253,0,0,0,"rot"
"230",277,"dbpseed333prdrotatednt","GraphDB","sparql16",20.4545454545455,63,3080,0,0,0,"rot"
"231",277,"dbpseed333prdrotatednt","GraphDB","sparql15",293.023255813953,63,215,0,0,0,"rot"
"232",277,"dbpseed333prdrotatednt","GraphDB","sparql14",207.236842105263,63,304,0,0,0,"rot"
"233",277,"dbpseed333prdrotatednt","GraphDB","sparql13",7.80862667327714,63,8068,0,0,0,"rot"
"234",277,"dbpseed333prdrotatednt","GraphDB","sparql12",0.427842912644138,62,144913,0,0,0,"rot"
"235",277,"dbpseed333prdrotatednt","GraphDB","sparql11",128.048780487805,63,492,0,0,0,"rot"
"236",277,"dbpseed333prdrotatednt","GraphDB","sparql10",167.11590296496,62,371,0,0,0,"rot"
"237",277,"dbpseed333prdrotatednt","GraphDB","sparql23",230.769230769231,63,273,0,0,0,"rot"
"238",277,"dbpseed333prdrotatednt","GraphDB","sparql22",185.294117647059,63,340,0,0,0,"rot"
"239",277,"dbpseed333prdrotatednt","GraphDB","sparql21",56.4516129032258,63,1116,0,0,0,"rot"
"240",277,"dbpseed333prdrotatednt","GraphDB","sparql20",51.1363636363636,63,1232,0,0,0,"rot"
"241",278,"dbpseed1prdrotatednt","Fuseki","sparql9",0.117836984315897,60,509178,0,0,0,"rot"
"242",278,"dbpseed1prdrotatednt","Fuseki","sparql8",167.613636363636,59,352,0,0,0,"rot"
"243",278,"dbpseed1prdrotatednt","Fuseki","sparql7",128.47965738758,60,467,0,0,0,"rot"
"244",278,"dbpseed1prdrotatednt","Fuseki","sparql6",74.0276035131744,59,797,0,0,0,"rot"
"245",278,"dbpseed1prdrotatednt","Fuseki","sparql5",13.0617666592871,59,4517,0,0,0,"rot"
"246",278,"dbpseed1prdrotatednt","Fuseki","sparql4",169.971671388102,60,353,0,0,0,"rot"
"247",278,"dbpseed1prdrotatednt","Fuseki","sparql3",1.54000154000154,60,38961,0,0,0,"rot"
"248",278,"dbpseed1prdrotatednt","Fuseki","sparql2",0.027016631255037,59,2183840,0,0,0,"rot"
"249",278,"dbpseed1prdrotatednt","Fuseki","sparql1",1.20724346076459,60,49700,0,0,0,"rot"
"250",278,"dbpseed1prdrotatednt","Fuseki","sparql0",0.4423800044238,60,135630,0,0,0,"rot"
"251",278,"dbpseed1prdrotatednt","Fuseki","sparql19",0.210142161172033,60,285521,0,0,0,"rot"
"252",278,"dbpseed1prdrotatednt","Fuseki","sparql18",0.906878674747963,60,66161,0,0,0,"rot"
"253",278,"dbpseed1prdrotatednt","Fuseki","sparql17",152.454780361757,59,387,0,0,0,"rot"
"254",278,"dbpseed1prdrotatednt","Fuseki","sparql16",6.07103106344228,60,9883,0,0,0,"rot"
"255",278,"dbpseed1prdrotatednt","Fuseki","sparql15",170.454545454545,60,352,0,0,0,"rot"
"256",278,"dbpseed1prdrotatednt","Fuseki","sparql14",161.725067385445,60,371,0,0,0,"rot"
"257",278,"dbpseed1prdrotatednt","Fuseki","sparql13",7.83187573423835,60,7661,0,0,0,"rot"
"258",278,"dbpseed1prdrotatednt","Fuseki","sparql12",0.209026397554037,59,282261,0,0,0,"rot"
"259",278,"dbpseed1prdrotatednt","Fuseki","sparql11",105.07880910683,60,571,0,0,0,"rot"
"260",278,"dbpseed1prdrotatednt","Fuseki","sparql10",178.247734138973,59,331,0,0,0,"rot"
"261",278,"dbpseed1prdrotatednt","Fuseki","sparql23",145.278450363196,60,413,0,0,0,"rot"
"262",278,"dbpseed1prdrotatednt","Fuseki","sparql22",72.1153846153846,60,832,0,0,0,"rot"
"263",278,"dbpseed1prdrotatednt","Fuseki","sparql21",86.4553314121037,60,694,0,0,0,"rot"
"264",278,"dbpseed1prdrotatednt","Fuseki","sparql20",67.8733031674208,60,884,0,0,0,"rot"
"265",279,"dbpseed123prdrotatednt","Fuseki","sparql9",0.0653270072482593,43,658227,0,0,0,"rot"
"266",279,"dbpseed123prdrotatednt","Fuseki","sparql8",166.666666666667,43,258,0,0,0,"rot"
"267",279,"dbpseed123prdrotatednt","Fuseki","sparql7",113.456464379947,43,379,0,0,0,"rot"
"268",279,"dbpseed123prdrotatednt","Fuseki","sparql6",95.9821428571429,43,448,0,0,0,"rot"
"269",279,"dbpseed123prdrotatednt","Fuseki","sparql5",15.2916073968706,43,2812,0,0,0,"rot"
"270",279,"dbpseed123prdrotatednt","Fuseki","sparql4",62.7674750356633,44,701,0,0,0,"rot"
"271",279,"dbpseed123prdrotatednt","Fuseki","sparql3",1.46994955400394,44,29933,0,0,0,"rot"
"272",279,"dbpseed123prdrotatednt","Fuseki","sparql2",0.0255658981835132,43,1681928,0,0,0,"rot"
"273",279,"dbpseed123prdrotatednt","Fuseki","sparql1",1.10440477719276,43,38935,0,0,0,"rot"
"274",279,"dbpseed123prdrotatednt","Fuseki","sparql0",0.407377231316199,44,108008,0,0,0,"rot"
"275",279,"dbpseed123prdrotatednt","Fuseki","sparql19",0.107890736109068,44,407820,0,0,0,"rot"
"276",279,"dbpseed123prdrotatednt","Fuseki","sparql18",0.12722315230057,44,345849,0,0,0,"rot"
"277",279,"dbpseed123prdrotatednt","Fuseki","sparql17",150.34965034965,43,286,0,0,0,"rot"
"278",279,"dbpseed123prdrotatednt","Fuseki","sparql16",14.4546649145861,44,3044,0,0,0,"rot"
"279",279,"dbpseed123prdrotatednt","Fuseki","sparql15",139.15857605178,43,309,0,0,0,"rot"
"280",279,"dbpseed123prdrotatednt","Fuseki","sparql14",148.648648648649,44,296,0,0,0,"rot"
"281",279,"dbpseed123prdrotatednt","Fuseki","sparql13",7.39620104219197,44,5949,0,0,0,"rot"
"282",279,"dbpseed123prdrotatednt","Fuseki","sparql12",0.142876129718235,43,300960,0,0,0,"rot"
"283",279,"dbpseed123prdrotatednt","Fuseki","sparql11",82.8625235404896,44,531,0,0,0,"rot"
"284",279,"dbpseed123prdrotatednt","Fuseki","sparql10",106.965174129353,43,402,0,0,0,"rot"
"285",279,"dbpseed123prdrotatednt","Fuseki","sparql23",64.5161290322581,44,682,0,0,0,"rot"
"286",279,"dbpseed123prdrotatednt","Fuseki","sparql22",44.044044044044,44,999,0,0,0,"rot"
"287",279,"dbpseed123prdrotatednt","Fuseki","sparql21",19.7066911090742,43,2182,0,0,0,"rot"
"288",279,"dbpseed123prdrotatednt","Fuseki","sparql20",38.9725420726306,44,1129,0,0,0,"rot"
"289",280,"dbpseed159prdrotatednt","Fuseki","sparql9",0.052460468850868,36,686231,0,0,0,"rot"
"290",280,"dbpseed159prdrotatednt","Fuseki","sparql8",156.95067264574,35,223,0,0,0,"rot"
"291",280,"dbpseed159prdrotatednt","Fuseki","sparql7",112.14953271028,36,321,0,0,0,"rot"
"292",280,"dbpseed159prdrotatednt","Fuseki","sparql6",79.3650793650794,35,441,0,0,0,"rot"
"293",280,"dbpseed159prdrotatednt","Fuseki","sparql5",11.7845117845118,35,2970,0,0,0,"rot"
"294",280,"dbpseed159prdrotatednt","Fuseki","sparql4",150.627615062762,36,239,0,0,0,"rot"
"295",280,"dbpseed159prdrotatednt","Fuseki","sparql3",1.44433299899699,36,24925,0,0,0,"rot"
"296",280,"dbpseed159prdrotatednt","Fuseki","sparql2",0.0268508275425049,35,1303498,0,0,0,"rot"
"297",280,"dbpseed159prdrotatednt","Fuseki","sparql1",1.13196868219979,36,31803,0,0,0,"rot"
"298",280,"dbpseed159prdrotatednt","Fuseki","sparql0",0.404858299595142,36,88920,0,0,0,"rot"
"299",280,"dbpseed159prdrotatednt","Fuseki","sparql19",32.4324324324324,36,1110,0,0,0,"rot"
"300",280,"dbpseed159prdrotatednt","Fuseki","sparql18",0.0295047383790261,36,1220143,0,0,0,"rot"
"301",280,"dbpseed159prdrotatednt","Fuseki","sparql17",139.442231075697,35,251,0,0,0,"rot"
"302",280,"dbpseed159prdrotatednt","Fuseki","sparql16",7.70712909441233,36,4671,0,0,0,"rot"
"303",280,"dbpseed159prdrotatednt","Fuseki","sparql15",153.191489361702,36,235,0,0,0,"rot"
"304",280,"dbpseed159prdrotatednt","Fuseki","sparql14",133.828996282528,36,269,0,0,0,"rot"
"305",280,"dbpseed159prdrotatednt","Fuseki","sparql13",17.6297747306562,36,2042,0,0,0,"rot"
"306",280,"dbpseed159prdrotatednt","Fuseki","sparql12",0.174306261080898,35,200796,0,0,0,"rot"
"307",280,"dbpseed159prdrotatednt","Fuseki","sparql11",43.8489646772229,36,821,0,0,0,"rot"
"308",280,"dbpseed159prdrotatednt","Fuseki","sparql10",33.7837837837838,35,1036,0,0,0,"rot"
"309",280,"dbpseed159prdrotatednt","Fuseki","sparql23",131.868131868132,36,273,0,0,0,"rot"
"310",280,"dbpseed159prdrotatednt","Fuseki","sparql22",67.4157303370786,36,534,0,0,0,"rot"
"311",280,"dbpseed159prdrotatednt","Fuseki","sparql21",11.3996200126662,36,3158,0,0,0,"rot"
"312",280,"dbpseed159prdrotatednt","Fuseki","sparql20",21.1640211640212,36,1701,0,0,0,"rot"
"313",281,"dbpseed321prdrotatednt","Fuseki","sparql9",0.0647238298902413,50,772513,0,0,0,"rot"
"314",281,"dbpseed321prdrotatednt","Fuseki","sparql8",184.905660377358,49,265,0,0,0,"rot"
"315",281,"dbpseed321prdrotatednt","Fuseki","sparql7",114.678899082569,50,436,0,0,0,"rot"
"316",281,"dbpseed321prdrotatednt","Fuseki","sparql6",79.1599353796446,49,619,0,0,0,"rot"
"317",281,"dbpseed321prdrotatednt","Fuseki","sparql5",13.6833286791399,49,3581,0,0,0,"rot"
"318",281,"dbpseed321prdrotatednt","Fuseki","sparql4",88.0281690140845,50,568,0,0,0,"rot"
"319",281,"dbpseed321prdrotatednt","Fuseki","sparql3",1.50348809237431,50,33256,0,0,0,"rot"
"320",281,"dbpseed321prdrotatednt","Fuseki","sparql2",0.0265754495996598,49,1843807,0,0,0,"rot"
"321",281,"dbpseed321prdrotatednt","Fuseki","sparql1",1.08045033169825,50,46277,0,0,0,"rot"
"322",281,"dbpseed321prdrotatednt","Fuseki","sparql0",0.413366623125382,50,120958,0,0,0,"rot"
"323",281,"dbpseed321prdrotatednt","Fuseki","sparql19",0.10905529757919,50,458483,0,0,0,"rot"
"324",281,"dbpseed321prdrotatednt","Fuseki","sparql18",0.555068328911289,50,90079,0,0,0,"rot"
"325",281,"dbpseed321prdrotatednt","Fuseki","sparql17",155.063291139241,49,316,0,0,0,"rot"
"326",281,"dbpseed321prdrotatednt","Fuseki","sparql16",9.70308558121483,50,5153,0,0,0,"rot"
"327",281,"dbpseed321prdrotatednt","Fuseki","sparql15",174.216027874564,50,287,0,0,0,"rot"
"328",281,"dbpseed321prdrotatednt","Fuseki","sparql14",147.058823529412,50,340,0,0,0,"rot"
"329",281,"dbpseed321prdrotatednt","Fuseki","sparql13",9.83864620228257,50,5082,0,0,0,"rot"
"330",281,"dbpseed321prdrotatednt","Fuseki","sparql12",0.236980577265341,49,206768,0,0,0,"rot"
"331",281,"dbpseed321prdrotatednt","Fuseki","sparql11",89.9280575539568,50,556,0,0,0,"rot"
"332",281,"dbpseed321prdrotatednt","Fuseki","sparql10",130.31914893617,49,376,0,0,0,"rot"
"333",281,"dbpseed321prdrotatednt","Fuseki","sparql23",144.092219020173,50,347,0,0,0,"rot"
"334",281,"dbpseed321prdrotatednt","Fuseki","sparql22",46.1680517082179,50,1083,0,0,0,"rot"
"335",281,"dbpseed321prdrotatednt","Fuseki","sparql21",70.323488045007,50,711,0,0,0,"rot"
"336",281,"dbpseed321prdrotatednt","Fuseki","sparql20",65.6167979002625,50,762,0,0,0,"rot"
"337",282,"dbpseed333prdrotatednt","Fuseki","sparql9",0.0636713883606299,53,832399,0,0,0,"rot"
"338",282,"dbpseed333prdrotatednt","Fuseki","sparql8",167.202572347267,52,311,0,0,0,"rot"
"339",282,"dbpseed333prdrotatednt","Fuseki","sparql7",109.958506224066,53,482,0,0,0,"rot"
"340",282,"dbpseed333prdrotatednt","Fuseki","sparql6",76.6961651917404,52,678,0,0,0,"rot"
"341",282,"dbpseed333prdrotatednt","Fuseki","sparql5",10.5583756345178,52,4925,0,0,0,"rot"
"342",282,"dbpseed333prdrotatednt","Fuseki","sparql4",118.303571428571,53,448,0,0,0,"rot"
"343",282,"dbpseed333prdrotatednt","Fuseki","sparql3",1.58930070768862,53,33348,0,0,0,"rot"
"344",282,"dbpseed333prdrotatednt","Fuseki","sparql2",0.025327750837277,52,2053084,0,0,0,"rot"
"345",282,"dbpseed333prdrotatednt","Fuseki","sparql1",1.17163321248563,53,45236,0,0,0,"rot"
"346",282,"dbpseed333prdrotatednt","Fuseki","sparql0",0.45492781239807,53,116502,0,0,0,"rot"
"347",282,"dbpseed333prdrotatednt","Fuseki","sparql19",0.214611391410685,53,246958,0,0,0,"rot"
"348",282,"dbpseed333prdrotatednt","Fuseki","sparql18",12.2035459359889,53,4343,0,0,0,"rot"
"349",282,"dbpseed333prdrotatednt","Fuseki","sparql17",168.284789644013,52,309,0,0,0,"rot"
"350",282,"dbpseed333prdrotatednt","Fuseki","sparql16",7.64790764790765,53,6930,0,0,0,"rot"
"351",282,"dbpseed333prdrotatednt","Fuseki","sparql15",166.666666666667,53,318,0,0,0,"rot"
"352",282,"dbpseed333prdrotatednt","Fuseki","sparql14",153.179190751445,53,346,0,0,0,"rot"
"353",282,"dbpseed333prdrotatednt","Fuseki","sparql13",7.67448595424269,53,6906,0,0,0,"rot"
"354",282,"dbpseed333prdrotatednt","Fuseki","sparql12",0.236348595998436,52,220014,0,0,0,"rot"
"355",282,"dbpseed333prdrotatednt","Fuseki","sparql11",100.760456273764,53,526,0,0,0,"rot"
"356",282,"dbpseed333prdrotatednt","Fuseki","sparql10",153.392330383481,52,339,0,0,0,"rot"
"357",282,"dbpseed333prdrotatednt","Fuseki","sparql23",151.862464183381,53,349,0,0,0,"rot"
"358",282,"dbpseed333prdrotatednt","Fuseki","sparql22",68.0359435173299,53,779,0,0,0,"rot"
"359",282,"dbpseed333prdrotatednt","Fuseki","sparql21",56.989247311828,53,930,0,0,0,"rot"
"360",282,"dbpseed333prdrotatednt","Fuseki","sparql20",69.3717277486911,53,764,0,0,0,"rot"
"361",283,"dbpseed1prdrotatednt","hdt","sparql9",0.13849836989617,63,454879,0,0,0,"rot"
"362",283,"dbpseed1prdrotatednt","hdt","sparql8",263.598326359833,63,239,0,0,0,"rot"
"363",283,"dbpseed1prdrotatednt","hdt","sparql7",72.8323699421965,63,865,0,0,0,"rot"
"364",283,"dbpseed1prdrotatednt","hdt","sparql6",99.0566037735849,63,636,0,0,0,"rot"
"365",283,"dbpseed1prdrotatednt","hdt","sparql5",30.7767464582316,63,2047,0,0,0,"rot"
"366",283,"dbpseed1prdrotatednt","hdt","sparql4",163.682864450128,64,391,0,0,0,"rot"
"367",283,"dbpseed1prdrotatednt","hdt","sparql3",1.39109697933227,63,45288,0,0,0,"rot"
"368",283,"dbpseed1prdrotatednt","hdt","sparql2",0.0247594209596752,63,2544486,0,0,0,"rot"
"369",283,"dbpseed1prdrotatednt","hdt","sparql1",1.24473949380594,63,50613,0,0,0,"rot"
"370",283,"dbpseed1prdrotatednt","hdt","sparql0",0.456722020424038,64,140129,0,0,0,"rot"
"371",283,"dbpseed1prdrotatednt","hdt","sparql19",8.39888014931342,63,7501,0,0,0,"rot"
"372",283,"dbpseed1prdrotatednt","hdt","sparql18",0.586574769952707,64,109108,0,0,0,"rot"
"373",283,"dbpseed1prdrotatednt","hdt","sparql17",262.5,63,240,0,0,0,"rot"
"374",283,"dbpseed1prdrotatednt","hdt","sparql16",15.5264434740417,64,4122,0,0,0,"rot"
"375",283,"dbpseed1prdrotatednt","hdt","sparql15",308.823529411765,63,204,0,0,0,"rot"
"376",283,"dbpseed1prdrotatednt","hdt","sparql14",205.787781350482,64,311,0,0,0,"rot"
"377",283,"dbpseed1prdrotatednt","hdt","sparql13",19.6560196560197,64,3256,0,0,0,"rot"
"378",283,"dbpseed1prdrotatednt","hdt","sparql12",0.281681324528184,63,223657,0,0,0,"rot"
"379",283,"dbpseed1prdrotatednt","hdt","sparql11",94.1176470588235,64,680,0,0,0,"rot"
"380",283,"dbpseed1prdrotatednt","hdt","sparql10",286.363636363636,63,220,0,0,0,"rot"
"381",283,"dbpseed1prdrotatednt","hdt","sparql23",252,63,250,0,0,0,"rot"
"382",283,"dbpseed1prdrotatednt","hdt","sparql22",79.2452830188679,63,795,0,0,0,"rot"
"383",283,"dbpseed1prdrotatednt","hdt","sparql21",128.571428571429,63,490,0,0,0,"rot"
"384",283,"dbpseed1prdrotatednt","hdt","sparql20",9.0765019449647,63,6941,0,0,0,"rot"
"385",284,"dbpseed123prdrotatednt","hdt","sparql9",0.0723362623491563,40,552973,0,0,0,"rot"
"386",284,"dbpseed123prdrotatednt","hdt","sparql8",234.939759036145,39,166,0,0,0,"rot"
"387",284,"dbpseed123prdrotatednt","hdt","sparql7",53.2623169107856,40,751,0,0,0,"rot"
"388",284,"dbpseed123prdrotatednt","hdt","sparql6",121.11801242236,39,322,0,0,0,"rot"
"389",284,"dbpseed123prdrotatednt","hdt","sparql5",39.3145161290323,39,992,0,0,0,"rot"
"390",284,"dbpseed123prdrotatednt","hdt","sparql4",80.1603206412826,40,499,0,0,0,"rot"
"391",284,"dbpseed123prdrotatednt","hdt","sparql3",1.2482836100362,40,32044,0,0,0,"rot"
"392",284,"dbpseed123prdrotatednt","hdt","sparql2",0.0241698433484281,39,1613581,0,0,0,"rot"
"393",284,"dbpseed123prdrotatednt","hdt","sparql1",1.07011958586372,40,37379,0,0,0,"rot"
"394",284,"dbpseed123prdrotatednt","hdt","sparql0",0.40029221331572,40,99927,0,0,0,"rot"
"395",284,"dbpseed123prdrotatednt","hdt","sparql19",145.985401459854,40,274,0,0,0,"rot"
"396",284,"dbpseed123prdrotatednt","hdt","sparql18",0.0392093435865767,40,1020165,0,0,0,"rot"
"397",284,"dbpseed123prdrotatednt","hdt","sparql17",214.285714285714,39,182,0,0,0,"rot"
"398",284,"dbpseed123prdrotatednt","hdt","sparql16",33.1400165700083,40,1207,0,0,0,"rot"
"399",284,"dbpseed123prdrotatednt","hdt","sparql15",270.27027027027,40,148,0,0,0,"rot"
"400",284,"dbpseed123prdrotatednt","hdt","sparql14",165.289256198347,40,242,0,0,0,"rot"
"401",284,"dbpseed123prdrotatednt","hdt","sparql13",17.8571428571429,40,2240,0,0,0,"rot"
"402",284,"dbpseed123prdrotatednt","hdt","sparql12",0.191311514009889,39,203856,0,0,0,"rot"
"403",284,"dbpseed123prdrotatednt","hdt","sparql11",68.1431005110733,40,587,0,0,0,"rot"
"404",284,"dbpseed123prdrotatednt","hdt","sparql10",183.962264150943,39,212,0,0,0,"rot"
"405",284,"dbpseed123prdrotatednt","hdt","sparql23",90.9090909090909,40,440,0,0,0,"rot"
"406",284,"dbpseed123prdrotatednt","hdt","sparql22",70.7964601769912,40,565,0,0,0,"rot"
"407",284,"dbpseed123prdrotatednt","hdt","sparql21",29.1970802919708,40,1370,0,0,0,"rot"
"408",284,"dbpseed123prdrotatednt","hdt","sparql20",32.4675324675325,40,1232,0,0,0,"rot"
"409",285,"dbpseed159prdrotatednt","hdt","sparql9",0.0600677629303977,37,615971,0,0,0,"rot"
"410",285,"dbpseed159prdrotatednt","hdt","sparql8",192.513368983957,36,187,0,0,0,"rot"
"411",285,"dbpseed159prdrotatednt","hdt","sparql7",59.0111642743222,37,627,0,0,0,"rot"
"412",285,"dbpseed159prdrotatednt","hdt","sparql6",57.1428571428571,36,630,0,0,0,"rot"
"413",285,"dbpseed159prdrotatednt","hdt","sparql5",19.5652173913043,36,1840,0,0,0,"rot"
"414",285,"dbpseed159prdrotatednt","hdt","sparql4",207.865168539326,37,178,0,0,0,"rot"
"415",285,"dbpseed159prdrotatednt","hdt","sparql3",1.26443852094867,37,29262,0,0,0,"rot"
"416",285,"dbpseed159prdrotatednt","hdt","sparql2",0.0225647770277676,35,1551090,0,0,1,"rot"
"417",285,"dbpseed159prdrotatednt","hdt","sparql1",1.05653912050257,37,35020,0,0,0,"rot"
"418",285,"dbpseed159prdrotatednt","hdt","sparql0",0.394540413734272,37,93780,0,0,0,"rot"
"419",285,"dbpseed159prdrotatednt","hdt","sparql19",42.4311926605505,37,872,0,0,0,"rot"
"420",285,"dbpseed159prdrotatednt","hdt","sparql18",0.0346738688353141,37,1067086,0,0,0,"rot"
"421",285,"dbpseed159prdrotatednt","hdt","sparql17",191.489361702128,36,188,0,0,0,"rot"
"422",285,"dbpseed159prdrotatednt","hdt","sparql16",9.14257474672597,37,4047,0,0,0,"rot"
"423",285,"dbpseed159prdrotatednt","hdt","sparql15",139.097744360902,37,266,0,0,0,"rot"
"424",285,"dbpseed159prdrotatednt","hdt","sparql14",195.767195767196,37,189,0,0,0,"rot"
"425",285,"dbpseed159prdrotatednt","hdt","sparql13",22.7133210558625,37,1629,0,0,0,"rot"
"426",285,"dbpseed159prdrotatednt","hdt","sparql12",0.24294776623026,36,148180,0,0,0,"rot"
"427",285,"dbpseed159prdrotatednt","hdt","sparql11",38.3022774327122,37,966,0,0,0,"rot"
"428",285,"dbpseed159prdrotatednt","hdt","sparql10",44.8318804483188,36,803,0,0,0,"rot"
"429",285,"dbpseed159prdrotatednt","hdt","sparql23",181.372549019608,37,204,0,0,0,"rot"
"430",285,"dbpseed159prdrotatednt","hdt","sparql22",61.4617940199336,37,602,0,0,0,"rot"
"431",285,"dbpseed159prdrotatednt","hdt","sparql21",12.736660929432,37,2905,0,0,0,"rot"
"432",285,"dbpseed159prdrotatednt","hdt","sparql20",2.67090160975962,37,13853,0,0,0,"rot"
"433",286,"dbpseed321prdrotatednt","hdt","sparql9",0.0825890486921434,42,508542,0,0,0,"rot"
"434",286,"dbpseed321prdrotatednt","hdt","sparql8",240,42,175,0,0,0,"rot"
"435",286,"dbpseed321prdrotatednt","hdt","sparql7",47.6730987514188,42,881,0,0,0,"rot"
"436",286,"dbpseed321prdrotatednt","hdt","sparql6",81.0810810810811,42,518,0,0,0,"rot"
"437",286,"dbpseed321prdrotatednt","hdt","sparql5",27.255029201817,42,1541,0,0,0,"rot"
"438",286,"dbpseed321prdrotatednt","hdt","sparql4",119.113573407202,43,361,0,0,0,"rot"
"439",286,"dbpseed321prdrotatednt","hdt","sparql3",1.36218202553299,43,31567,0,0,0,"rot"
"440",286,"dbpseed321prdrotatednt","hdt","sparql2",0.0235304004369931,42,1784925,0,0,0,"rot"
"441",286,"dbpseed321prdrotatednt","hdt","sparql1",1.21411846327292,42,34593,0,0,0,"rot"
"442",286,"dbpseed321prdrotatednt","hdt","sparql0",0.450681787215311,43,95411,0,0,0,"rot"
"443",286,"dbpseed321prdrotatednt","hdt","sparql19",0.109962900611865,42,381947,0,0,0,"rot"
"444",286,"dbpseed321prdrotatednt","hdt","sparql18",0.0776866014099215,43,553506,0,0,0,"rot"
"445",286,"dbpseed321prdrotatednt","hdt","sparql17",248.520710059172,42,169,0,0,0,"rot"
"446",286,"dbpseed321prdrotatednt","hdt","sparql16",18.9677988531098,43,2267,0,0,0,"rot"
"447",286,"dbpseed321prdrotatednt","hdt","sparql15",265.822784810127,42,158,0,0,0,"rot"
"448",286,"dbpseed321prdrotatednt","hdt","sparql14",187.772925764192,43,229,0,0,0,"rot"
"449",286,"dbpseed321prdrotatednt","hdt","sparql13",21.8384966988319,43,1969,0,0,0,"rot"
"450",286,"dbpseed321prdrotatednt","hdt","sparql12",0.29925187032419,42,140350,0,0,0,"rot"
"451",286,"dbpseed321prdrotatednt","hdt","sparql11",64.7590361445783,43,664,0,0,0,"rot"
"452",286,"dbpseed321prdrotatednt","hdt","sparql10",188.340807174888,42,223,0,0,0,"rot"
"453",286,"dbpseed321prdrotatednt","hdt","sparql23",196.261682242991,42,214,0,0,0,"rot"
"454",286,"dbpseed321prdrotatednt","hdt","sparql22",58.90603085554,42,713,0,0,0,"rot"
"455",286,"dbpseed321prdrotatednt","hdt","sparql21",92.511013215859,42,454,0,0,0,"rot"
"456",286,"dbpseed321prdrotatednt","hdt","sparql20",66.3507109004739,42,633,0,0,0,"rot"
"457",287,"dbpseed333prdrotatednt","hdt","sparql9",0.0745682778104503,53,710758,0,0,0,"rot"
"458",287,"dbpseed333prdrotatednt","hdt","sparql8",253.658536585366,52,205,0,0,0,"rot"
"459",287,"dbpseed333prdrotatednt","hdt","sparql7",69.1003911342894,53,767,0,0,0,"rot"
"460",287,"dbpseed333prdrotatednt","hdt","sparql6",106.995884773663,52,486,0,0,0,"rot"
"461",287,"dbpseed333prdrotatednt","hdt","sparql5",27.1257172665623,52,1917,0,0,0,"rot"
"462",287,"dbpseed333prdrotatednt","hdt","sparql4",188.612099644128,53,281,0,0,0,"rot"
"463",287,"dbpseed333prdrotatednt","hdt","sparql3",1.30702836004932,53,40550,0,0,0,"rot"
"464",287,"dbpseed333prdrotatednt","hdt","sparql2",0.0229823689872377,52,2262604,0,0,0,"rot"
"465",287,"dbpseed333prdrotatednt","hdt","sparql1",1.14426356923874,53,46318,0,0,0,"rot"
"466",287,"dbpseed333prdrotatednt","hdt","sparql0",0.426476978289908,53,124274,0,0,0,"rot"
"467",287,"dbpseed333prdrotatednt","hdt","sparql19",33.6721728081321,53,1574,0,0,0,"rot"
"468",287,"dbpseed333prdrotatednt","hdt","sparql18",0.25649215521163,53,206634,0,0,0,"rot"
"469",287,"dbpseed333prdrotatednt","hdt","sparql17",250,52,208,0,0,0,"rot"
"470",287,"dbpseed333prdrotatednt","hdt","sparql16",11.7856348676896,53,4497,0,0,0,"rot"
"471",287,"dbpseed333prdrotatednt","hdt","sparql15",273.19587628866,53,194,0,0,0,"rot"
"472",287,"dbpseed333prdrotatednt","hdt","sparql14",205.426356589147,53,258,0,0,0,"rot"
"473",287,"dbpseed333prdrotatednt","hdt","sparql13",17.9235711870139,53,2957,0,0,0,"rot"
"474",287,"dbpseed333prdrotatednt","hdt","sparql12",0.310724166572055,52,167351,0,0,0,"rot"
"475",287,"dbpseed333prdrotatednt","hdt","sparql11",74.3338008415147,53,713,0,0,0,"rot"
"476",287,"dbpseed333prdrotatednt","hdt","sparql10",223.175965665236,52,233,0,0,0,"rot"
"477",287,"dbpseed333prdrotatednt","hdt","sparql23",271.794871794872,53,195,0,0,0,"rot"
"478",287,"dbpseed333prdrotatednt","hdt","sparql22",110.18711018711,53,481,0,0,0,"rot"
"479",287,"dbpseed333prdrotatednt","hdt","sparql21",79.1044776119403,53,670,0,0,0,"rot"
"480",287,"dbpseed333prdrotatednt","hdt","sparql20",57.1736785329018,53,927,0,0,0,"rot"
"481",288,"dbpseed1prdrotatednt","Blazegraph","sparql9",0.164435779730799,264,1605490,0,0,0,"rot"
"482",288,"dbpseed1prdrotatednt","Blazegraph","sparql8",67.6056338028169,264,3905,0,0,0,"rot"
"483",288,"dbpseed1prdrotatednt","Blazegraph","sparql7",35.0132625994695,264,7540,0,0,0,"rot"
"484",288,"dbpseed1prdrotatednt","Blazegraph","sparql6",92.9577464788732,264,2840,0,0,0,"rot"
"485",288,"dbpseed1prdrotatednt","Blazegraph","sparql5",10.3525351946982,264,25501,0,0,0,"rot"
"486",288,"dbpseed1prdrotatednt","Blazegraph","sparql4",69.0463783220427,265,3838,0,0,0,"rot"
"487",288,"dbpseed1prdrotatednt","Blazegraph","sparql3",1.90368092870895,265,139204,0,0,0,"rot"
"488",288,"dbpseed1prdrotatednt","Blazegraph","sparql2",2.05105893686778,264,128714,0,0,0,"rot"
"489",288,"dbpseed1prdrotatednt","Blazegraph","sparql1",1.63630616280007,264,161339,0,0,0,"rot"
"490",288,"dbpseed1prdrotatednt","Blazegraph","sparql0",0.561696535498161,265,471785,0,0,0,"rot"
"491",288,"dbpseed1prdrotatednt","Blazegraph","sparql19",16.1398379925696,265,16419,0,0,0,"rot"
"492",288,"dbpseed1prdrotatednt","Blazegraph","sparql18",0.749763046584334,265,353445,0,0,0,"rot"
"493",288,"dbpseed1prdrotatednt","Blazegraph","sparql17",68.2699767261443,264,3867,0,0,0,"rot"
"494",288,"dbpseed1prdrotatednt","Blazegraph","sparql16",16.4924072691063,265,16068,0,0,0,"rot"
"495",288,"dbpseed1prdrotatednt","Blazegraph","sparql15",74.6606334841629,264,3536,0,0,0,"rot"
"496",288,"dbpseed1prdrotatednt","Blazegraph","sparql14",57.6839355681323,265,4594,0,0,0,"rot"
"497",288,"dbpseed1prdrotatednt","Blazegraph","sparql13",19.0674917254281,265,13898,0,0,0,"rot"
"498",288,"dbpseed1prdrotatednt","Blazegraph","sparql12",0.444359911329999,264,594113,0,0,0,"rot"
"499",288,"dbpseed1prdrotatednt","Blazegraph","sparql11",67.4471875795368,265,3929,0,0,0,"rot"
"500",288,"dbpseed1prdrotatednt","Blazegraph","sparql10",72.0720720720721,264,3663,0,0,0,"rot"
"501",288,"dbpseed1prdrotatednt","Blazegraph","sparql23",66.6163901458019,265,3978,0,0,0,"rot"
"502",288,"dbpseed1prdrotatednt","Blazegraph","sparql22",54.1590026568567,265,4893,0,0,0,"rot"
"503",288,"dbpseed1prdrotatednt","Blazegraph","sparql21",47.3287916816063,264,5578,0,0,0,"rot"
"504",288,"dbpseed1prdrotatednt","Blazegraph","sparql20",28.5099515868747,265,9295,0,0,0,"rot"
"505",289,"dbpseed123prdrotatednt","Blazegraph","sparql9",0.0875776849482938,136,1552907,0,0,0,"rot"
"506",289,"dbpseed123prdrotatednt","Blazegraph","sparql8",66.5036674816626,136,2045,0,0,0,"rot"
"507",289,"dbpseed123prdrotatednt","Blazegraph","sparql7",32.6373890088793,136,4167,0,0,0,"rot"
"508",289,"dbpseed123prdrotatednt","Blazegraph","sparql6",73.55327203894,136,1849,0,0,0,"rot"
"509",289,"dbpseed123prdrotatednt","Blazegraph","sparql5",14.7058823529412,136,9248,0,0,0,"rot"
"510",289,"dbpseed123prdrotatednt","Blazegraph","sparql4",64.8367250354946,137,2113,0,0,0,"rot"
"511",289,"dbpseed123prdrotatednt","Blazegraph","sparql3",1.87725236026802,137,72979,0,0,0,"rot"
"512",289,"dbpseed123prdrotatednt","Blazegraph","sparql2",1.8272938584116,136,74427,0,0,0,"rot"
"513",289,"dbpseed123prdrotatednt","Blazegraph","sparql1",1.5794852736226,136,86104,0,0,0,"rot"
"514",289,"dbpseed123prdrotatednt","Blazegraph","sparql0",0.548394844287887,137,249820,0,0,0,"rot"
"515",289,"dbpseed123prdrotatednt","Blazegraph","sparql19",50.201539025284,137,2729,0,0,0,"rot"
"516",289,"dbpseed123prdrotatednt","Blazegraph","sparql18",0.130669332193871,137,1048448,0,0,0,"rot"
"517",289,"dbpseed123prdrotatednt","Blazegraph","sparql17",65.6687590535973,136,2071,0,0,0,"rot"
"518",289,"dbpseed123prdrotatednt","Blazegraph","sparql16",19.6556671449067,137,6970,0,0,0,"rot"
"519",289,"dbpseed123prdrotatednt","Blazegraph","sparql15",72.4174653887114,136,1878,0,0,0,"rot"
"520",289,"dbpseed123prdrotatednt","Blazegraph","sparql14",56.4482900700453,137,2427,0,0,0,"rot"
"521",289,"dbpseed123prdrotatednt","Blazegraph","sparql13",18.511012025402,137,7401,0,0,0,"rot"
"522",289,"dbpseed123prdrotatednt","Blazegraph","sparql12",0.308378834328006,136,441016,0,0,0,"rot"
"523",289,"dbpseed123prdrotatednt","Blazegraph","sparql11",61.5730337078652,137,2225,0,0,0,"rot"
"524",289,"dbpseed123prdrotatednt","Blazegraph","sparql10",68.8259109311741,136,1976,0,0,0,"rot"
"525",289,"dbpseed123prdrotatednt","Blazegraph","sparql23",68.7751004016064,137,1992,0,0,0,"rot"
"526",289,"dbpseed123prdrotatednt","Blazegraph","sparql22",47.0628649948471,137,2911,0,0,0,"rot"
"527",289,"dbpseed123prdrotatednt","Blazegraph","sparql21",33.3251654006371,136,4081,0,0,0,"rot"
"528",289,"dbpseed123prdrotatednt","Blazegraph","sparql20",45.0065703022339,137,3044,0,0,0,"rot"
"529",290,"dbpseed159prdrotatednt","Blazegraph","sparql9",0.0788664265622125,105,1331365,0,0,0,"rot"
"530",290,"dbpseed159prdrotatednt","Blazegraph","sparql8",63.7645616186389,104,1631,0,0,0,"rot"
"531",290,"dbpseed159prdrotatednt","Blazegraph","sparql7",36.8011323425336,104,2826,0,0,0,"rot"
"532",290,"dbpseed159prdrotatednt","Blazegraph","sparql6",77.4385703648548,104,1343,0,0,0,"rot"
"533",290,"dbpseed159prdrotatednt","Blazegraph","sparql5",9.67171952013392,104,10753,0,0,0,"rot"
"534",290,"dbpseed159prdrotatednt","Blazegraph","sparql4",64.6950092421442,105,1623,0,0,0,"rot"
"535",290,"dbpseed159prdrotatednt","Blazegraph","sparql3",1.90162271805274,105,55216,0,0,0,"rot"
"536",290,"dbpseed159prdrotatednt","Blazegraph","sparql2",1.90759184871329,104,54519,0,0,0,"rot"
"537",290,"dbpseed159prdrotatednt","Blazegraph","sparql1",1.65333926839737,104,62903,0,0,0,"rot"
"538",290,"dbpseed159prdrotatednt","Blazegraph","sparql0",0.568566400433193,105,184675,0,0,0,"rot"
"539",290,"dbpseed159prdrotatednt","Blazegraph","sparql19",32.5682382133995,105,3224,0,0,0,"rot"
"540",290,"dbpseed159prdrotatednt","Blazegraph","sparql18",0.0693790115935632,105,1513426,0,0,0,"rot"
"541",290,"dbpseed159prdrotatednt","Blazegraph","sparql17",65.698041692988,104,1583,0,0,0,"rot"
"542",290,"dbpseed159prdrotatednt","Blazegraph","sparql16",10.1019819126419,105,10394,0,0,0,"rot"
"543",290,"dbpseed159prdrotatednt","Blazegraph","sparql15",71.5746421267894,105,1467,0,0,0,"rot"
"544",290,"dbpseed159prdrotatednt","Blazegraph","sparql14",55.2340873224619,105,1901,0,0,0,"rot"
"545",290,"dbpseed159prdrotatednt","Blazegraph","sparql13",26.9714872848703,105,3893,0,0,0,"rot"
"546",290,"dbpseed159prdrotatednt","Blazegraph","sparql12",0.313732115006953,104,331493,0,0,0,"rot"
"547",290,"dbpseed159prdrotatednt","Blazegraph","sparql11",57.8512396694215,105,1815,0,0,0,"rot"
"548",290,"dbpseed159prdrotatednt","Blazegraph","sparql10",50.8060576453346,104,2047,0,0,0,"rot"
"549",290,"dbpseed159prdrotatednt","Blazegraph","sparql23",65.2579241765071,105,1609,0,0,0,"rot"
"550",290,"dbpseed159prdrotatednt","Blazegraph","sparql22",56.4516129032258,105,1860,0,0,0,"rot"
"551",290,"dbpseed159prdrotatednt","Blazegraph","sparql21",10.8639420589757,105,9665,0,0,0,"rot"
"552",290,"dbpseed159prdrotatednt","Blazegraph","sparql20",20.1110898295346,105,5221,0,0,0,"rot"
"553",291,"dbpseed321prdrotatednt","Blazegraph","sparql9",0.107619896309861,132,1226539,0,0,0,"rot"
"554",291,"dbpseed321prdrotatednt","Blazegraph","sparql8",66.0991487230846,132,1997,0,0,0,"rot"
"555",291,"dbpseed321prdrotatednt","Blazegraph","sparql7",34.8009491167941,132,3793,0,0,0,"rot"
"556",291,"dbpseed321prdrotatednt","Blazegraph","sparql6",96.0698689956332,132,1374,0,0,0,"rot"
"557",291,"dbpseed321prdrotatednt","Blazegraph","sparql5",8.53926769310389,132,15458,0,0,0,"rot"
"558",291,"dbpseed321prdrotatednt","Blazegraph","sparql4",69.0909090909091,133,1925,0,0,0,"rot"
"559",291,"dbpseed321prdrotatednt","Blazegraph","sparql3",1.9001900190019,133,69993,0,0,0,"rot"
"560",291,"dbpseed321prdrotatednt","Blazegraph","sparql2",1.88141391106043,132,70160,0,0,0,"rot"
"561",291,"dbpseed321prdrotatednt","Blazegraph","sparql1",1.64969068299694,132,80015,0,0,0,"rot"
"562",291,"dbpseed321prdrotatednt","Blazegraph","sparql0",0.565259892048111,133,235290,0,0,0,"rot"
"563",291,"dbpseed321prdrotatednt","Blazegraph","sparql19",0.585977944318878,133,226971,0,0,0,"rot"
"564",291,"dbpseed321prdrotatednt","Blazegraph","sparql18",0.101132455381958,133,1315107,0,0,0,"rot"
"565",291,"dbpseed321prdrotatednt","Blazegraph","sparql17",65.0566781665845,132,2029,0,0,0,"rot"
"566",291,"dbpseed321prdrotatednt","Blazegraph","sparql16",10.7910750507099,133,12325,0,0,0,"rot"
"567",291,"dbpseed321prdrotatednt","Blazegraph","sparql15",74.1156653565413,132,1781,0,0,0,"rot"
"568",291,"dbpseed321prdrotatednt","Blazegraph","sparql14",54.4635544635545,133,2442,0,0,0,"rot"
"569",291,"dbpseed321prdrotatednt","Blazegraph","sparql13",17.4655285620486,133,7615,0,0,0,"rot"
"570",291,"dbpseed321prdrotatednt","Blazegraph","sparql12",0.439210884444282,132,300539,0,0,0,"rot"
"571",291,"dbpseed321prdrotatednt","Blazegraph","sparql11",60.208239022182,133,2209,0,0,0,"rot"
"572",291,"dbpseed321prdrotatednt","Blazegraph","sparql10",69.620253164557,132,1896,0,0,0,"rot"
"573",291,"dbpseed321prdrotatednt","Blazegraph","sparql23",62.6177024482109,133,2124,0,0,0,"rot"
"574",291,"dbpseed321prdrotatednt","Blazegraph","sparql22",43.4782608695652,133,3059,0,0,0,"rot"
"575",291,"dbpseed321prdrotatednt","Blazegraph","sparql21",43.2078559738134,132,3055,0,0,0,"rot"
"576",291,"dbpseed321prdrotatednt","Blazegraph","sparql20",28.6329386437029,133,4645,0,0,0,"rot"
"577",292,"dbpseed333prdrotatednt","Blazegraph","sparql9",0.0898593443701976,157,1747175,0,0,0,"rot"
"578",292,"dbpseed333prdrotatednt","Blazegraph","sparql8",66.8369518944232,157,2349,0,0,0,"rot"
"579",292,"dbpseed333prdrotatednt","Blazegraph","sparql7",33.4969063366759,157,4687,0,0,0,"rot"
"580",292,"dbpseed333prdrotatednt","Blazegraph","sparql6",80.2658486707567,157,1956,0,0,0,"rot"
"581",292,"dbpseed333prdrotatednt","Blazegraph","sparql5",7.68854064642507,157,20420,0,0,0,"rot"
"582",292,"dbpseed333prdrotatednt","Blazegraph","sparql4",68.3095546908776,158,2313,0,0,0,"rot"
"583",292,"dbpseed333prdrotatednt","Blazegraph","sparql3",1.8510057521761,158,85359,0,0,0,"rot"
"584",292,"dbpseed333prdrotatednt","Blazegraph","sparql2",2.01055219752075,157,78088,0,0,0,"rot"
"585",292,"dbpseed333prdrotatednt","Blazegraph","sparql1",1.65303178664308,157,94977,0,0,0,"rot"
"586",292,"dbpseed333prdrotatednt","Blazegraph","sparql0",0.572360079695707,158,276050,0,0,0,"rot"
"587",292,"dbpseed333prdrotatednt","Blazegraph","sparql19",24.8701400912955,158,6353,0,0,0,"rot"
"588",292,"dbpseed333prdrotatednt","Blazegraph","sparql18",0.188644102603289,158,837556,0,0,0,"rot"
"589",292,"dbpseed333prdrotatednt","Blazegraph","sparql17",68.0832610581093,157,2306,0,0,0,"rot"
"590",292,"dbpseed333prdrotatednt","Blazegraph","sparql16",8.30660848535829,158,19021,0,0,0,"rot"
"591",292,"dbpseed333prdrotatednt","Blazegraph","sparql15",75.3720595295247,157,2083,0,0,0,"rot"
"592",292,"dbpseed333prdrotatednt","Blazegraph","sparql14",58.648849294729,158,2694,0,0,0,"rot"
"593",292,"dbpseed333prdrotatednt","Blazegraph","sparql13",15.2553828328667,158,10357,0,0,0,"rot"
"594",292,"dbpseed333prdrotatednt","Blazegraph","sparql12",0.411595996245825,157,381442,0,0,0,"rot"
"595",292,"dbpseed333prdrotatednt","Blazegraph","sparql11",64.7540983606557,158,2440,0,0,0,"rot"
"596",292,"dbpseed333prdrotatednt","Blazegraph","sparql10",73.6743312998592,157,2131,0,0,0,"rot"
"597",292,"dbpseed333prdrotatednt","Blazegraph","sparql23",66.6948079358379,158,2369,0,0,0,"rot"
"598",292,"dbpseed333prdrotatednt","Blazegraph","sparql22",45.943588252399,158,3439,0,0,0,"rot"
"599",292,"dbpseed333prdrotatednt","Blazegraph","sparql21",40.3598971722365,157,3890,0,0,0,"rot"
"600",292,"dbpseed333prdrotatednt","Blazegraph","sparql20",30.9379283336597,158,5107,0,0,0,"rot"
"601",293,"dbpprdreconnt","Blazegraph","sparql9",0.0437488747284625,78,1782903,0,0,0,"rec"
"602",293,"dbpprdreconnt","Blazegraph","sparql8",65.3813914501257,78,1193,0,0,0,"rec"
"603",293,"dbpprdreconnt","Blazegraph","sparql7",5.05902192242833,78,15418,0,0,0,"rec"
"604",293,"dbpprdreconnt","Blazegraph","sparql6",66.7808219178082,78,1168,0,0,0,"rec"
"605",293,"dbpprdreconnt","Blazegraph","sparql5",15.6375300721732,78,4988,0,0,0,"rec"
"606",293,"dbpprdreconnt","Blazegraph","sparql4",63.6583400483481,79,1241,0,0,0,"rec"
"607",293,"dbpprdreconnt","Blazegraph","sparql3",1.7996674032394,79,43897,0,0,0,"rec"
"608",293,"dbpprdreconnt","Blazegraph","sparql2",32.8006728343145,78,2378,0,0,0,"rec"
"609",293,"dbpprdreconnt","Blazegraph","sparql1",1.53730931451772,78,50738,0,0,0,"rec"
"610",293,"dbpprdreconnt","Blazegraph","sparql0",0.514326265144955,79,153599,0,0,0,"rec"
"611",293,"dbpprdreconnt","Blazegraph","sparql19",0.179952802252371,79,439004,0,0,0,"rec"
"612",293,"dbpprdreconnt","Blazegraph","sparql18",0.355493956602738,79,222226,0,0,0,"rec"
"613",293,"dbpprdreconnt","Blazegraph","sparql17",65.7118786857624,78,1187,0,0,0,"rec"
"614",293,"dbpprdreconnt","Blazegraph","sparql16",1.48239885911581,79,53292,0,0,0,"rec"
"615",293,"dbpprdreconnt","Blazegraph","sparql15",68.241469816273,78,1143,0,0,0,"rec"
"616",293,"dbpprdreconnt","Blazegraph","sparql14",56.6714490674319,79,1394,0,0,0,"rec"
"617",293,"dbpprdreconnt","Blazegraph","sparql13",0.238057929438424,79,331852,0,0,0,"rec"
"618",293,"dbpprdreconnt","Blazegraph","sparql12",0.173477512421435,78,449626,0,0,0,"rec"
"619",293,"dbpprdreconnt","Blazegraph","sparql11",50.2225047679593,79,1573,0,0,0,"rec"
"620",293,"dbpprdreconnt","Blazegraph","sparql10",52.4899057873486,78,1486,0,0,0,"rec"
"621",293,"dbpprdreconnt","Blazegraph","sparql23",61.7670054730258,79,1279,0,0,0,"rec"
"622",293,"dbpprdreconnt","Blazegraph","sparql22",5.25615435795077,79,15030,0,0,0,"rec"
"623",293,"dbpprdreconnt","Blazegraph","sparql21",42.7866154690071,78,1823,0,0,0,"rec"
"624",293,"dbpprdreconnt","Blazegraph","sparql20",51.1326860841424,79,1545,0,0,0,"rec"
"625",294,"dbpprdreconnt","Fuseki","sparql9",0.0170908923377814,23,1345746,0,0,0,"rec"
"626",294,"dbpprdreconnt","Fuseki","sparql8",116.751269035533,23,197,0,0,0,"rec"
"627",294,"dbpprdreconnt","Fuseki","sparql7",7.28078505856284,23,3159,0,0,0,"rec"
"628",294,"dbpprdreconnt","Fuseki","sparql6",116.161616161616,23,198,0,0,0,"rec"
"629",294,"dbpprdreconnt","Fuseki","sparql5",114.427860696517,23,201,0,0,0,"rec"
"630",294,"dbpprdreconnt","Fuseki","sparql4",129.032258064516,24,186,0,0,0,"rec"
"631",294,"dbpprdreconnt","Fuseki","sparql3",1.31557309653018,24,18243,0,0,0,"rec"
"632",294,"dbpprdreconnt","Fuseki","sparql2",0.0249219563519024,23,922881,0,0,0,"rec"
"633",294,"dbpprdreconnt","Fuseki","sparql1",0.812405072233408,23,28311,0,0,0,"rec"
"634",294,"dbpprdreconnt","Fuseki","sparql0",0.305211486125595,24,78634,0,0,0,"rec"
"635",294,"dbpprdreconnt","Fuseki","sparql19",0.215240845537788,24,111503,0,0,0,"rec"
"636",294,"dbpprdreconnt","Fuseki","sparql18",0.114008294103396,24,210511,0,0,0,"rec"
"637",294,"dbpprdreconnt","Fuseki","sparql17",132.947976878613,23,173,0,0,0,"rec"
"638",294,"dbpprdreconnt","Fuseki","sparql16",0.269432843863667,24,89076,0,0,0,"rec"
"639",294,"dbpprdreconnt","Fuseki","sparql15",129.943502824859,23,177,0,0,0,"rec"
"640",294,"dbpprdreconnt","Fuseki","sparql14",85.4092526690391,24,281,0,0,0,"rec"
"641",294,"dbpprdreconnt","Fuseki","sparql13",0.049188693978689,24,487917,0,0,0,"rec"
"642",294,"dbpprdreconnt","Fuseki","sparql12",0.0824910873759944,23,278818,0,0,0,"rec"
"643",294,"dbpprdreconnt","Fuseki","sparql11",56.6037735849057,24,424,0,0,0,"rec"
"644",294,"dbpprdreconnt","Fuseki","sparql10",144.654088050314,23,159,0,0,0,"rec"
"645",294,"dbpprdreconnt","Fuseki","sparql23",138.728323699422,24,173,0,0,0,"rec"
"646",294,"dbpprdreconnt","Fuseki","sparql22",2.91686922702965,24,8228,0,0,0,"rec"
"647",294,"dbpprdreconnt","Fuseki","sparql21",48.728813559322,23,472,0,0,0,"rec"
"648",294,"dbpprdreconnt","Fuseki","sparql20",124.352331606218,24,193,0,0,0,"rec"
"649",295,"dbpprdreconnt","GraphDB","sparql9",0.0354635359982473,45,1268909,0,0,0,"rec"
"650",295,"dbpprdreconnt","GraphDB","sparql8",283.870967741935,44,155,0,0,0,"rec"
"651",295,"dbpprdreconnt","GraphDB","sparql7",6.92307692307692,45,6500,0,0,0,"rec"
"652",295,"dbpprdreconnt","GraphDB","sparql6",189.655172413793,44,232,0,0,0,"rec"
"653",295,"dbpprdreconnt","GraphDB","sparql5",24.4308717379234,44,1801,0,0,0,"rec"
"654",295,"dbpprdreconnt","GraphDB","sparql4",248.618784530387,45,181,0,0,0,"rec"
"655",295,"dbpprdreconnt","GraphDB","sparql3",1.80853629129491,45,24882,0,0,0,"rec"
"656",295,"dbpprdreconnt","GraphDB","sparql2",0.0395565708408738,44,1112331,0,0,0,"rec"
"657",295,"dbpprdreconnt","GraphDB","sparql1",2.30273257599017,45,19542,0,0,0,"rec"
"658",295,"dbpprdreconnt","GraphDB","sparql0",0.917936478795667,45,49023,0,0,0,"rec"
"659",295,"dbpprdreconnt","GraphDB","sparql19",0.408897612037946,45,110052,0,0,0,"rec"
"660",295,"dbpprdreconnt","GraphDB","sparql18",4.5979360376009,45,9787,0,0,0,"rec"
"661",295,"dbpprdreconnt","GraphDB","sparql17",200.913242009132,44,219,0,0,0,"rec"
"662",295,"dbpprdreconnt","GraphDB","sparql16",3.42257377547916,45,13148,0,0,0,"rec"
"663",295,"dbpprdreconnt","GraphDB","sparql15",252.808988764045,45,178,0,0,0,"rec"
"664",295,"dbpprdreconnt","GraphDB","sparql14",197.368421052632,45,228,0,0,0,"rec"
"665",295,"dbpprdreconnt","GraphDB","sparql13",0.144476657388055,45,311469,0,0,0,"rec"
"666",295,"dbpprdreconnt","GraphDB","sparql12",0.124981891828173,44,352051,0,0,0,"rec"
"667",295,"dbpprdreconnt","GraphDB","sparql11",110.294117647059,45,408,0,0,0,"rec"
"668",295,"dbpprdreconnt","GraphDB","sparql10",234.042553191489,44,188,0,0,0,"rec"
"669",295,"dbpprdreconnt","GraphDB","sparql23",257.142857142857,45,175,0,0,0,"rec"
"670",295,"dbpprdreconnt","GraphDB","sparql22",0.148665479545282,45,302693,0,0,0,"rec"
"671",295,"dbpprdreconnt","GraphDB","sparql21",98.2532751091703,45,458,0,0,0,"rec"
"672",295,"dbpprdreconnt","GraphDB","sparql20",161.870503597122,45,278,0,0,0,"rec"
"673",296,"dbpprdreconnt","Virtuoso","sparql9",11.5188658347486,624,54172,0,0,0,"rec"
"674",296,"dbpprdreconnt","Virtuoso","sparql8",330.855018587361,623,1883,0,0,0,"rec"
"675",296,"dbpprdreconnt","Virtuoso","sparql7",15.3524418747693,624,40645,0,0,0,"rec"
"676",296,"dbpprdreconnt","Virtuoso","sparql6",246.830427892235,623,2524,0,0,0,"rec"
"677",296,"dbpprdreconnt","Virtuoso","sparql5",109.915314043754,623,5668,0,0,0,"rec"
"678",296,"dbpprdreconnt","Virtuoso","sparql4",321.152856407617,624,1943,0,0,0,"rec"
"679",296,"dbpprdreconnt","Virtuoso","sparql3",10.7584351993931,624,58001,0,0,0,"rec"
"680",296,"dbpprdreconnt","Virtuoso","sparql2",0.644784695729931,623,966214,0,0,0,"rec"
"681",296,"dbpprdreconnt","Virtuoso","sparql1",4.22681180526861,624,147629,0,0,0,"rec"
"682",296,"dbpprdreconnt","Virtuoso","sparql0",5.87908308915667,624,106139,0,0,0,"rec"
"683",296,"dbpprdreconnt","Virtuoso","sparql19",160.949187516121,624,3877,0,0,0,"rec"
"684",296,"dbpprdreconnt","Virtuoso","sparql18",100.791471490874,624,6191,0,0,0,"rec"
"685",296,"dbpprdreconnt","Virtuoso","sparql17",276.030128489145,623,2257,0,0,0,"rec"
"686",296,"dbpprdreconnt","Virtuoso","sparql16",29.8179385482869,624,20927,0,0,0,"rec"
"687",296,"dbpprdreconnt","Virtuoso","sparql15",452.173913043478,624,1380,0,0,0,"rec"
"688",296,"dbpprdreconnt","Virtuoso","sparql14",214.580467675378,624,2908,0,0,0,"rec"
"689",296,"dbpprdreconnt","Virtuoso","sparql13",0.423483518415086,624,1473493,0,0,0,"rec"
"690",296,"dbpprdreconnt","Virtuoso","sparql12",1.02696483263605,623,606642,0,0,0,"rec"
"691",296,"dbpprdreconnt","Virtuoso","sparql11",371.649791542585,624,1679,0,0,0,"rec"
"692",296,"dbpprdreconnt","Virtuoso","sparql10",331.735889243876,623,1878,0,0,0,"rec"
"693",296,"dbpprdreconnt","Virtuoso","sparql23",364.699006428989,624,1711,0,0,0,"rec"
"694",296,"dbpprdreconnt","Virtuoso","sparql22",9.56747059996014,624,65221,0,0,0,"rec"
"695",296,"dbpprdreconnt","Virtuoso","sparql21",142.108859029834,624,4391,0,0,0,"rec"
"696",296,"dbpprdreconnt","Virtuoso","sparql20",166.134185303514,624,3756,0,0,0,"rec"
"697",297,"dbpprdreconnt","hdt","sparql9",0.0414339327973482,52,1255010,0,0,0,"rec"
"698",297,"dbpprdreconnt","hdt","sparql8",298.245614035088,51,171,0,0,0,"rec"
"699",297,"dbpprdreconnt","hdt","sparql7",14.1496598639456,52,3675,0,0,0,"rec"
"700",297,"dbpprdreconnt","hdt","sparql6",217.021276595745,51,235,0,0,0,"rec"
"701",297,"dbpprdreconnt","hdt","sparql5",28.8624787775891,51,1767,0,0,0,"rec"
"702",297,"dbpprdreconnt","hdt","sparql4",307.692307692308,52,169,0,0,0,"rec"
"703",297,"dbpprdreconnt","hdt","sparql3",0.850354041634642,52,61151,0,0,0,"rec"
"704",297,"dbpprdreconnt","hdt","sparql2",0.0401968225594026,51,1268757,0,0,0,"rec"
"705",297,"dbpprdreconnt","hdt","sparql1",0.950275031523547,52,54721,0,0,0,"rec"
"706",297,"dbpprdreconnt","hdt","sparql0",0.334332043154551,52,155534,0,0,0,"rec"
"707",297,"dbpprdreconnt","hdt","sparql19",0.356366975746486,52,145917,0,0,0,"rec"
"708",297,"dbpprdreconnt","hdt","sparql18",0.725476791718403,52,71677,0,0,0,"rec"
"709",297,"dbpprdreconnt","hdt","sparql17",251.231527093596,51,203,0,0,0,"rec"
"710",297,"dbpprdreconnt","hdt","sparql16",1.49249447490026,52,34841,0,0,0,"rec"
"711",297,"dbpprdreconnt","hdt","sparql15",279.569892473118,52,186,0,0,0,"rec"
"712",297,"dbpprdreconnt","hdt","sparql14",161.490683229814,52,322,0,0,0,"rec"
"713",297,"dbpprdreconnt","hdt","sparql13",0.289795304201475,52,179437,0,0,0,"rec"
"714",297,"dbpprdreconnt","hdt","sparql12",0.151999690039848,51,335527,0,0,0,"rec"
"715",297,"dbpprdreconnt","hdt","sparql11",65.1629072681704,52,798,0,0,0,"rec"
"716",297,"dbpprdreconnt","hdt","sparql10",275.675675675676,51,185,0,0,0,"rec"
"717",297,"dbpprdreconnt","hdt","sparql23",273.684210526316,52,190,0,0,0,"rec"
"718",297,"dbpprdreconnt","hdt","sparql22",5.36691092992053,52,9689,0,0,0,"rec"
"719",297,"dbpprdreconnt","hdt","sparql21",107.438016528926,52,484,0,0,0,"rec"
"720",297,"dbpprdreconnt","hdt","sparql20",200,52,260,0,0,0,"rec"
"721",298,"dbp16orgnt","Blazegraph","sparql9",0.341320736854169,411,1204146,0,0,0,"org"
"722",298,"dbp16orgnt","Blazegraph","sparql8",68.2497509133178,411,6022,0,0,0,"org"
"723",298,"dbp16orgnt","Blazegraph","sparql7",20.1579282946687,411,20389,0,0,0,"org"
"724",298,"dbp16orgnt","Blazegraph","sparql6",66.6234397795429,411,6169,0,0,0,"org"
"725",298,"dbp16orgnt","Blazegraph","sparql5",5.99404970248512,411,68568,0,0,0,"org"
"726",298,"dbp16orgnt","Blazegraph","sparql4",71.1325966850829,412,5792,0,0,0,"org"
"727",298,"dbp16orgnt","Blazegraph","sparql3",1.69835276270879,412,242588,0,0,0,"org"
"728",298,"dbp16orgnt","Blazegraph","sparql2",29.739507959479,411,13820,0,0,0,"org"
"729",298,"dbp16orgnt","Blazegraph","sparql1",1.59479112504559,411,257714,0,0,0,"org"
"730",298,"dbp16orgnt","Blazegraph","sparql0",0.497586944864468,412,827996,0,0,0,"org"
"731",298,"dbp16orgnt","Blazegraph","sparql19",22.0686699876801,412,18669,0,0,0,"org"
"732",298,"dbp16orgnt","Blazegraph","sparql18",12.01341303397,412,34295,0,0,0,"org"
"733",298,"dbp16orgnt","Blazegraph","sparql17",73.2489752272322,411,5611,0,0,0,"org"
"734",298,"dbp16orgnt","Blazegraph","sparql16",3.58994466954211,412,114765,0,0,0,"org"
"735",298,"dbp16orgnt","Blazegraph","sparql15",77.6203966005666,411,5295,0,0,0,"org"
"736",298,"dbp16orgnt","Blazegraph","sparql14",62.5,412,6592,0,0,0,"org"
"737",298,"dbp16orgnt","Blazegraph","sparql13",1.67273642627171,412,246303,0,0,0,"org"
"738",298,"dbp16orgnt","Blazegraph","sparql12",0.891563337874305,411,460988,0,0,0,"org"
"739",298,"dbp16orgnt","Blazegraph","sparql11",72.894550601557,412,5652,0,0,0,"org"
"740",298,"dbp16orgnt","Blazegraph","sparql10",74.0140464613722,411,5553,0,0,0,"org"
"741",298,"dbp16orgnt","Blazegraph","sparql23",70.0799455689743,412,5879,0,0,0,"org"
"742",298,"dbp16orgnt","Blazegraph","sparql22",56.4383561643836,412,7300,0,0,0,"org"
"743",298,"dbp16orgnt","Blazegraph","sparql21",57.0516379789006,411,7204,0,0,0,"org"
"744",298,"dbp16orgnt","Blazegraph","sparql20",55.3689020292971,412,7441,0,0,0,"org"
"745",299,"dbp16orgnt","Fuseki","sparql9",0.38597227771044,57,147679,0,0,0,"org"
"746",299,"dbp16orgnt","Fuseki","sparql8",123.644251626898,57,461,0,0,0,"org"
"747",299,"dbp16orgnt","Fuseki","sparql7",80.168776371308,57,711,0,0,0,"org"
"748",299,"dbp16orgnt","Fuseki","sparql6",70.9838107098381,57,803,0,0,0,"org"
"749",299,"dbp16orgnt","Fuseki","sparql5",22.5385527876631,57,2529,0,0,0,"org"
"750",299,"dbp16orgnt","Fuseki","sparql4",137.019230769231,57,416,0,0,0,"org"
"751",299,"dbp16orgnt","Fuseki","sparql3",1.189606595012,57,47915,0,0,0,"org"
"752",299,"dbp16orgnt","Fuseki","sparql2",0.0208109174803309,57,2738947,0,0,0,"org"
"753",299,"dbp16orgnt","Fuseki","sparql1",0.985085460484247,57,57863,0,0,0,"org"
"754",299,"dbp16orgnt","Fuseki","sparql0",0.270711829632022,57,210556,0,0,0,"org"
"755",299,"dbp16orgnt","Fuseki","sparql19",2.52245873346019,57,22597,0,0,0,"org"
"756",299,"dbp16orgnt","Fuseki","sparql18",2.1835705142685,58,26562,0,0,0,"org"
"757",299,"dbp16orgnt","Fuseki","sparql17",153.638814016173,57,371,0,0,0,"org"
"758",299,"dbp16orgnt","Fuseki","sparql16",0.860878987131343,58,67373,0,0,0,"org"
"759",299,"dbp16orgnt","Fuseki","sparql15",127.51677852349,57,447,0,0,0,"org"
"760",299,"dbp16orgnt","Fuseki","sparql14",114.91935483871,57,496,0,0,0,"org"
"761",299,"dbp16orgnt","Fuseki","sparql13",0.443594646271511,58,130750,0,0,0,"org"
"762",299,"dbp16orgnt","Fuseki","sparql12",0.42076978725289,57,135466,0,0,0,"org"
"763",299,"dbp16orgnt","Fuseki","sparql11",75.8169934640523,58,765,0,0,0,"org"
"764",299,"dbp16orgnt","Fuseki","sparql10",143.576826196474,57,397,0,0,0,"org"
"765",299,"dbp16orgnt","Fuseki","sparql23",136.038186157518,57,419,0,0,0,"org"
"766",299,"dbp16orgnt","Fuseki","sparql22",78.0821917808219,57,730,0,0,0,"org"
"767",299,"dbp16orgnt","Fuseki","sparql21",88.3720930232558,57,645,0,0,0,"org"
"768",299,"dbp16orgnt","Fuseki","sparql20",91.3461538461538,57,624,0,0,0,"org"
"769",300,"dbp16orgnt","GraphDB","sparql9",0.480093473620888,83,172883,0,0,0,"org"
"770",300,"dbp16orgnt","GraphDB","sparql8",321.705426356589,83,258,0,0,0,"org"
"771",300,"dbp16orgnt","GraphDB","sparql7",61.2998522895126,83,1354,0,0,0,"org"
"772",300,"dbp16orgnt","GraphDB","sparql6",203.43137254902,83,408,0,0,0,"org"
"773",300,"dbp16orgnt","GraphDB","sparql5",44.937736870601,83,1847,0,0,0,"org"
"774",300,"dbp16orgnt","GraphDB","sparql4",305.454545454545,84,275,0,0,0,"org"
"775",300,"dbp16orgnt","GraphDB","sparql3",0.922610548513938,84,91046,0,0,0,"org"
"776",300,"dbp16orgnt","GraphDB","sparql2",0.0395291177196176,83,2099718,0,0,0,"org"
"777",300,"dbp16orgnt","GraphDB","sparql1",2.25042025920503,83,36882,0,0,0,"org"
"778",300,"dbp16orgnt","GraphDB","sparql0",0.235593724231936,84,356546,0,0,0,"org"
"779",300,"dbp16orgnt","GraphDB","sparql19",157.009345794393,84,535,0,0,0,"org"
"780",300,"dbp16orgnt","GraphDB","sparql18",26.8199233716475,84,3132,0,0,0,"org"
"781",300,"dbp16orgnt","GraphDB","sparql17",302.919708029197,83,274,0,0,0,"org"
"782",300,"dbp16orgnt","GraphDB","sparql16",18.0296200901481,84,4659,0,0,0,"org"
"783",300,"dbp16orgnt","GraphDB","sparql15",364.035087719298,83,228,0,0,0,"org"
"784",300,"dbp16orgnt","GraphDB","sparql14",207.920792079208,84,404,0,0,0,"org"
"785",300,"dbp16orgnt","GraphDB","sparql13",0.842544484342715,84,99698,0,0,0,"org"
"786",300,"dbp16orgnt","GraphDB","sparql12",0.369225294156899,83,224795,0,0,0,"org"
"787",300,"dbp16orgnt","GraphDB","sparql11",171.079429735234,84,491,0,0,0,"org"
"788",300,"dbp16orgnt","GraphDB","sparql10",325.490196078431,83,255,0,0,0,"org"
"789",300,"dbp16orgnt","GraphDB","sparql23",295.373665480427,83,281,0,0,0,"org"
"790",300,"dbp16orgnt","GraphDB","sparql22",0.169989657255793,83,488265,0,0,0,"org"
"791",300,"dbp16orgnt","GraphDB","sparql21",195.754716981132,83,424,0,0,0,"org"
"792",300,"dbp16orgnt","GraphDB","sparql20",122.418879056047,83,678,0,0,0,"org"
"793",301,"dbp16orgnt","Virtuoso","sparql9",12.6806313246991,1218,96052,0,0,0,"org"
"794",301,"dbp16orgnt","Virtuoso","sparql8",305.165496489468,1217,3988,0,0,0,"org"
"795",301,"dbp16orgnt","Virtuoso","sparql7",40.3364684064114,1218,30196,0,0,0,"org"
"796",301,"dbp16orgnt","Virtuoso","sparql6",235.761332816738,1217,5162,0,0,0,"org"
"797",301,"dbp16orgnt","Virtuoso","sparql5",70.9786539134492,1217,17146,0,0,0,"org"
"798",301,"dbp16orgnt","Virtuoso","sparql4",333.973128598848,1218,3647,0,0,0,"org"
"799",301,"dbp16orgnt","Virtuoso","sparql3",9.67349953538611,1218,125911,0,0,0,"org"
"800",301,"dbp16orgnt","Virtuoso","sparql2",0.67722853819914,1217,1797030,0,0,0,"org"
"801",301,"dbp16orgnt","Virtuoso","sparql1",4.04344881617911,1218,301228,0,0,0,"org"
"802",301,"dbp16orgnt","Virtuoso","sparql0",5.83985002421284,1218,208567,0,0,0,"org"
"803",301,"dbp16orgnt","Virtuoso","sparql19",171.985314882801,1218,7082,0,0,0,"org"
"804",301,"dbp16orgnt","Virtuoso","sparql18",28.8830922456723,1218,42170,0,0,0,"org"
"805",301,"dbp16orgnt","Virtuoso","sparql17",336.559734513274,1217,3616,0,0,0,"org"
"806",301,"dbp16orgnt","Virtuoso","sparql16",10.3422802265452,1218,117769,0,0,0,"org"
"807",301,"dbp16orgnt","Virtuoso","sparql15",440.187929165161,1218,2767,0,0,0,"org"
"808",301,"dbp16orgnt","Virtuoso","sparql14",216.687422166874,1218,5621,0,0,0,"org"
"809",301,"dbp16orgnt","Virtuoso","sparql13",2.6586166026023,1218,458133,0,0,0,"org"
"810",301,"dbp16orgnt","Virtuoso","sparql12",4.09335678800986,1217,297311,0,0,0,"org"
"811",301,"dbp16orgnt","Virtuoso","sparql11",390.509778775248,1218,3119,0,0,0,"org"
"812",301,"dbp16orgnt","Virtuoso","sparql10",413.945578231293,1217,2940,0,0,0,"org"
"813",301,"dbp16orgnt","Virtuoso","sparql23",382.177596485723,1218,3187,0,0,0,"org"
"814",301,"dbp16orgnt","Virtuoso","sparql22",131.363244176014,1218,9272,0,0,0,"org"
"815",301,"dbp16orgnt","Virtuoso","sparql21",178.88089293582,1218,6809,0,0,0,"org"
"816",301,"dbp16orgnt","Virtuoso","sparql20",70.5514365152919,1218,17264,0,0,0,"org"
"817",302,"dbp16orgnt","hdt","sparql9",0.467783237928058,97,207361,0,0,0,"org"
"818",302,"dbp16orgnt","hdt","sparql8",265.027322404372,97,366,0,0,0,"org"
"819",302,"dbp16orgnt","hdt","sparql7",64.6666666666667,97,1500,0,0,0,"org"
"820",302,"dbp16orgnt","hdt","sparql6",179.62962962963,97,540,0,0,0,"org"
"821",302,"dbp16orgnt","hdt","sparql5",59.1824283099451,97,1639,0,0,0,"org"
"822",302,"dbp16orgnt","hdt","sparql4",300.613496932515,98,326,0,0,0,"org"
"823",302,"dbp16orgnt","hdt","sparql3",0.672015360351094,98,145830,0,0,0,"org"
"824",302,"dbp16orgnt","hdt","sparql2",0.038870666872374,97,2495455,0,0,0,"org"
"825",302,"dbp16orgnt","hdt","sparql1",0.891986831699557,97,108746,0,0,0,"org"
"826",302,"dbp16orgnt","hdt","sparql0",0.255781844187097,98,383139,0,0,0,"org"
"827",302,"dbp16orgnt","hdt","sparql19",21.2443095599393,98,4613,0,0,0,"org"
"828",302,"dbp16orgnt","hdt","sparql18",29.9602568022012,98,3271,0,0,0,"org"
"829",302,"dbp16orgnt","hdt","sparql17",272.47191011236,97,356,0,0,0,"org"
"830",302,"dbp16orgnt","hdt","sparql16",8.40768702814001,98,11656,0,0,0,"org"
"831",302,"dbp16orgnt","hdt","sparql15",283.625730994152,97,342,0,0,0,"org"
"832",302,"dbp16orgnt","hdt","sparql14",193.675889328063,98,506,0,0,0,"org"
"833",302,"dbp16orgnt","hdt","sparql13",2.46392115452306,98,39774,0,0,0,"org"
"834",302,"dbp16orgnt","hdt","sparql12",0.540772580042704,97,179373,0,0,0,"org"
"835",302,"dbp16orgnt","hdt","sparql11",44.6672743846855,98,2194,0,0,0,"org"
"836",302,"dbp16orgnt","hdt","sparql10",267.955801104972,97,362,0,0,0,"org"
"837",302,"dbp16orgnt","hdt","sparql23",263.440860215054,98,372,0,0,0,"org"
"838",302,"dbp16orgnt","hdt","sparql22",100.719424460432,98,973,0,0,0,"org"
"839",302,"dbp16orgnt","hdt","sparql21",178.308823529412,97,544,0,0,0,"org"
"840",302,"dbp16orgnt","hdt","sparql20",188.461538461538,98,520,0,0,0,"org"
