"","suiteid","gname","Ts","qry","qps","qsucc","qtotalTime","qtimeouts","qfailed","dstype"
"1",98,"swfcTboxorgnt","Fuseki","sparql6",3.81679389312977,6,1572,0,0,"org"
"2",98,"swfcTboxorgnt","Fuseki","sparql5",0,0,2160323,6,6,"org"
"3",98,"swfcTboxorgnt","Fuseki","sparql4",10.3092783505155,5,485,0,0,"org"
"4",98,"swfcTboxorgnt","Fuseki","sparql3",0.0211955116384554,5,235899,0,0,"org"
"5",98,"swfcTboxorgnt","Fuseki","sparql2",69.4444444444444,5,72,0,0,"org"
"6",98,"swfcTboxorgnt","Fuseki","sparql1",4.59558823529412,5,1088,0,0,"org"
"7",98,"swfcTboxorgnt","Fuseki","sparql0",40,5,125,0,0,"org"
"8",98,"swfcTboxorgnt","Fuseki","sparql7",0.00329819654612858,3,909588,2,2,"org"
"9",99,"seed123prdrotatednt","Fuseki","sparql6",0.497166152928309,5,10057,0,0,"rot"
"10",99,"seed123prdrotatednt","Fuseki","sparql5",0,0,1800194,5,5,"rot"
"11",99,"seed123prdrotatednt","Fuseki","sparql4",28.9017341040462,5,173,0,0,"rot"
"12",99,"seed123prdrotatednt","Fuseki","sparql3",0.0696514640737748,5,71786,0,0,"rot"
"13",99,"seed123prdrotatednt","Fuseki","sparql2",98.0392156862745,5,51,0,0,"rot"
"14",99,"seed123prdrotatednt","Fuseki","sparql1",6.01684717208183,5,831,0,0,"rot"
"15",99,"seed123prdrotatednt","Fuseki","sparql0",44.6428571428571,5,112,0,0,"rot"
"16",99,"seed123prdrotatednt","Fuseki","sparql7",0.00128734673332548,2,1553583,3,3,"rot"
"17",100,"seed159prdrotatednt","Fuseki","sparql6",0.429184549356223,4,9320,0,0,"rot"
"18",100,"seed159prdrotatednt","Fuseki","sparql5",0,0,2219176,0,4,"rot"
"19",100,"seed159prdrotatednt","Fuseki","sparql4",27.027027027027,4,148,0,0,"rot"
"20",100,"seed159prdrotatednt","Fuseki","sparql3",0.0646130486051658,4,61907,0,0,"rot"
"21",100,"seed159prdrotatednt","Fuseki","sparql2",48.1927710843373,4,83,0,0,"rot"
"22",100,"seed159prdrotatednt","Fuseki","sparql1",5.77200577200577,4,693,0,0,"rot"
"23",100,"seed159prdrotatednt","Fuseki","sparql0",40,4,100,0,0,"rot"
"24",100,"seed159prdrotatednt","Fuseki","sparql7",0.00303960298732182,3,986971,1,1,"rot"
"25",101,"seed1prdrotatednt","Fuseki","sparql6",0.46264168401573,6,12969,0,0,"rot"
"26",101,"seed1prdrotatednt","Fuseki","sparql5",0,0,2160529,6,6,"rot"
"27",101,"seed1prdrotatednt","Fuseki","sparql4",30.4878048780488,5,164,0,0,"rot"
"28",101,"seed1prdrotatednt","Fuseki","sparql3",0.0644371415684,5,77595,0,0,"rot"
"29",101,"seed1prdrotatednt","Fuseki","sparql2",80.6451612903226,5,62,0,0,"rot"
"30",101,"seed1prdrotatednt","Fuseki","sparql1",6.13496932515337,5,815,0,0,"rot"
"31",101,"seed1prdrotatednt","Fuseki","sparql0",46.2962962962963,5,108,0,0,"rot"
"32",101,"seed1prdrotatednt","Fuseki","sparql7",0.00300817245251036,4,1329711,1,1,"rot"
"33",102,"seed321prdrotatednt","Fuseki","sparql6",0.437062937062937,4,9152,0,0,"rot"
"34",102,"seed321prdrotatednt","Fuseki","sparql5",0,0,2162042,0,4,"rot"
"35",102,"seed321prdrotatednt","Fuseki","sparql4",28.169014084507,4,142,0,0,"rot"
"36",102,"seed321prdrotatednt","Fuseki","sparql3",0.0629079185342455,4,63585,0,0,"rot"
"37",102,"seed321prdrotatednt","Fuseki","sparql2",70.1754385964912,4,57,0,0,"rot"
"38",102,"seed321prdrotatednt","Fuseki","sparql1",5.56328233657858,4,719,0,0,"rot"
"39",102,"seed321prdrotatednt","Fuseki","sparql0",38.0952380952381,4,105,0,0,"rot"
"40",102,"seed321prdrotatednt","Fuseki","sparql7",0.00171949381541062,2,1163133,2,2,"rot"
"41",103,"seed333prdrotatednt","Fuseki","sparql6",0.472143531633617,5,10590,0,0,"rot"
"42",103,"seed333prdrotatednt","Fuseki","sparql5",0,0,2256987,0,5,"rot"
"43",103,"seed333prdrotatednt","Fuseki","sparql4",9.63391136801541,5,519,0,0,"rot"
"44",103,"seed333prdrotatednt","Fuseki","sparql3",0.0678407641583675,5,73702,0,0,"rot"
"45",103,"seed333prdrotatednt","Fuseki","sparql2",73.5294117647059,5,68,0,0,"rot"
"46",103,"seed333prdrotatednt","Fuseki","sparql1",5.95238095238095,5,840,0,0,"rot"
"47",103,"seed333prdrotatednt","Fuseki","sparql0",32.8947368421053,5,152,0,0,"rot"
"48",103,"seed333prdrotatednt","Fuseki","sparql7",0.00248019973875229,3,1209580,2,2,"rot"
"49",104,"swfcTboxsf1R100i270reconnt","Fuseki","sparql6",4.54959053685168,5,1099,0,0,"rec"
"50",104,"swfcTboxsf1R100i270reconnt","Fuseki","sparql5",0,0,1800354,5,5,"rec"
"51",104,"swfcTboxsf1R100i270reconnt","Fuseki","sparql4",2.79134682484299,4,1433,0,0,"rec"
"52",104,"swfcTboxsf1R100i270reconnt","Fuseki","sparql3",0.0629267218324261,4,63566,0,0,"rec"
"53",104,"swfcTboxsf1R100i270reconnt","Fuseki","sparql2",86.9565217391304,4,46,0,0,"rec"
"54",104,"swfcTboxsf1R100i270reconnt","Fuseki","sparql1",5.89970501474926,4,678,0,0,"rec"
"55",104,"swfcTboxsf1R100i270reconnt","Fuseki","sparql0",27.027027027027,4,148,0,0,"rec"
"56",104,"swfcTboxsf1R100i270reconnt","Fuseki","sparql7",0,0,1440287,4,4,"rec"
"57",105,"swfcTboxorgnt","Blazegraph","sparql6",14.0270339199184,55,3921,0,0,"org"
"58",105,"swfcTboxorgnt","Blazegraph","sparql5",0.0176988587454084,55,3107545,0,0,"org"
"59",105,"swfcTboxorgnt","Blazegraph","sparql4",19.5590327169275,55,2812,0,0,"org"
"60",105,"swfcTboxorgnt","Blazegraph","sparql3",0.123238805435055,55,446288,0,0,"org"
"61",105,"swfcTboxorgnt","Blazegraph","sparql2",42.2751729438893,55,1301,0,0,"org"
"62",105,"swfcTboxorgnt","Blazegraph","sparql1",10.1984053402559,55,5393,0,0,"org"
"63",105,"swfcTboxorgnt","Blazegraph","sparql0",45.7951706910908,55,1201,0,0,"org"
"64",105,"swfcTboxorgnt","Blazegraph","sparql7",2.08514994123668,55,26377,0,0,"org"
"65",106,"seed123prdrotatednt","Blazegraph","sparql6",1.40911225927666,9,6387,0,0,"rot"
"66",106,"seed123prdrotatednt","Blazegraph","sparql5",0,0,3241321,0,9,"rot"
"67",106,"seed123prdrotatednt","Blazegraph","sparql4",27.355623100304,9,329,0,0,"rot"
"68",106,"seed123prdrotatednt","Blazegraph","sparql3",0.0800476728362669,9,112433,0,0,"rot"
"69",106,"seed123prdrotatednt","Blazegraph","sparql2",34.7490347490347,9,259,0,0,"rot"
"70",106,"seed123prdrotatednt","Blazegraph","sparql1",9.25925925925926,9,972,0,0,"rot"
"71",106,"seed123prdrotatednt","Blazegraph","sparql0",37.6569037656904,9,239,0,0,"rot"
"72",106,"seed123prdrotatednt","Blazegraph","sparql7",1.27931769722815,9,7035,0,0,"rot"
"73",107,"seed159prdrotatednt","Blazegraph","sparql6",1.81671376665321,9,4954,0,0,"rot"
"74",107,"seed159prdrotatednt","Blazegraph","sparql5",0,0,3241194,0,9,"rot"
"75",107,"seed159prdrotatednt","Blazegraph","sparql4",29.6052631578947,9,304,0,0,"rot"
"76",107,"seed159prdrotatednt","Blazegraph","sparql3",0.129200821142997,9,69659,0,0,"rot"
"77",107,"seed159prdrotatednt","Blazegraph","sparql2",43.2692307692308,9,208,0,0,"rot"
"78",107,"seed159prdrotatednt","Blazegraph","sparql1",10.4046242774566,9,865,0,0,"rot"
"79",107,"seed159prdrotatednt","Blazegraph","sparql0",46.3917525773196,9,194,0,0,"rot"
"80",107,"seed159prdrotatednt","Blazegraph","sparql7",2.08044382801664,9,4326,0,0,"rot"
"81",108,"seed1prdrotatednt","Blazegraph","sparql6",1.68287210172027,9,5348,0,0,"rot"
"82",108,"seed1prdrotatednt","Blazegraph","sparql5",0,0,3241199,0,9,"rot"
"83",108,"seed1prdrotatednt","Blazegraph","sparql4",32.4909747292419,9,277,0,0,"rot"
"84",108,"seed1prdrotatednt","Blazegraph","sparql3",0.11743827965969,9,76636,0,0,"rot"
"85",108,"seed1prdrotatednt","Blazegraph","sparql2",40,9,225,0,0,"rot"
"86",108,"seed1prdrotatednt","Blazegraph","sparql1",9.93377483443709,9,906,0,0,"rot"
"87",108,"seed1prdrotatednt","Blazegraph","sparql0",43.6893203883495,9,206,0,0,"rot"
"88",108,"seed1prdrotatednt","Blazegraph","sparql7",3.08747855917667,9,2915,0,0,"rot"
"89",109,"seed321prdrotatednt","Blazegraph","sparql6",1.63220892274211,9,5514,0,0,"rot"
"90",109,"seed321prdrotatednt","Blazegraph","sparql5",0,0,3241177,0,9,"rot"
"91",109,"seed321prdrotatednt","Blazegraph","sparql4",28.7539936102236,9,313,0,0,"rot"
"92",109,"seed321prdrotatednt","Blazegraph","sparql3",0.117036632465962,9,76899,0,0,"rot"
"93",109,"seed321prdrotatednt","Blazegraph","sparql2",43.9024390243902,9,205,0,0,"rot"
"94",109,"seed321prdrotatednt","Blazegraph","sparql1",10.5633802816901,9,852,0,0,"rot"
"95",109,"seed321prdrotatednt","Blazegraph","sparql0",53.8922155688623,9,167,0,0,"rot"
"96",109,"seed321prdrotatednt","Blazegraph","sparql7",1.53191489361702,9,5875,0,0,"rot"
"97",110,"seed333prdrotatednt","Blazegraph","sparql6",1.60028449502134,9,5624,0,0,"rot"
"98",110,"seed333prdrotatednt","Blazegraph","sparql5",0,0,3241216,0,9,"rot"
"99",110,"seed333prdrotatednt","Blazegraph","sparql4",35.8565737051793,9,251,0,0,"rot"
"100",110,"seed333prdrotatednt","Blazegraph","sparql3",0.130968145636578,9,68719,0,0,"rot"
"101",110,"seed333prdrotatednt","Blazegraph","sparql2",40.7239819004525,9,221,0,0,"rot"
"102",110,"seed333prdrotatednt","Blazegraph","sparql1",11.015911872705,9,817,0,0,"rot"
"103",110,"seed333prdrotatednt","Blazegraph","sparql0",46.6321243523316,9,193,0,0,"rot"
"104",110,"seed333prdrotatednt","Blazegraph","sparql7",2.41092954728101,9,3733,0,0,"rot"
"105",111,"swfcTboxsf1R100i270reconnt","Blazegraph","sparql6",8.02908650204514,53,6601,0,0,"rec"
"106",111,"swfcTboxsf1R100i270reconnt","Blazegraph","sparql5",0.0180003022692268,53,2944395,0,0,"rec"
"107",111,"swfcTboxsf1R100i270reconnt","Blazegraph","sparql4",28.6796536796537,53,1848,0,0,"rec"
"108",111,"swfcTboxsf1R100i270reconnt","Blazegraph","sparql3",0.111543957790083,53,475149,0,0,"rec"
"109",111,"swfcTboxsf1R100i270reconnt","Blazegraph","sparql2",42.4,53,1250,0,0,"rec"
"110",111,"swfcTboxsf1R100i270reconnt","Blazegraph","sparql1",9.56678700361011,53,5540,0,0,"rec"
"111",111,"swfcTboxsf1R100i270reconnt","Blazegraph","sparql0",51.8590998043053,53,1022,0,0,"rec"
"112",111,"swfcTboxsf1R100i270reconnt","Blazegraph","sparql7",0.485726068826468,53,109115,0,0,"rec"
"113",112,"swfcTboxorgnt","GraphDB","sparql6",5.22778192681105,14,2678,0,0,"org"
"114",112,"swfcTboxorgnt","GraphDB","sparql5",0.00519502687498724,14,2694885,0,0,"org"
"115",112,"swfcTboxorgnt","GraphDB","sparql4",0.0679545675177167,14,206020,0,0,"org"
"116",112,"swfcTboxorgnt","GraphDB","sparql3",0.0283392204690141,14,494015,0,0,"org"
"117",112,"swfcTboxorgnt","GraphDB","sparql2",118.64406779661,14,118,0,0,"org"
"118",112,"swfcTboxorgnt","GraphDB","sparql1",7.55531570426336,14,1853,0,0,"org"
"119",112,"swfcTboxorgnt","GraphDB","sparql0",115.702479338843,14,121,0,0,"org"
"120",112,"swfcTboxorgnt","GraphDB","sparql7",0.346200450060585,14,40439,0,0,"org"
"121",113,"seed123prdrotatednt","GraphDB","sparql6",0.101246456374027,9,88892,0,0,"rot"
"122",113,"seed123prdrotatednt","GraphDB","sparql5",0,0,3245655,0,9,"rot"
"123",113,"seed123prdrotatednt","GraphDB","sparql4",25.1396648044693,9,358,0,0,"rot"
"124",113,"seed123prdrotatednt","GraphDB","sparql3",0.0776189942303214,9,115951,0,0,"rot"
"125",113,"seed123prdrotatednt","GraphDB","sparql2",115.384615384615,9,78,0,0,"rot"
"126",113,"seed123prdrotatednt","GraphDB","sparql1",4.96414782129068,9,1813,0,0,"rot"
"127",113,"seed123prdrotatednt","GraphDB","sparql0",86.5384615384615,9,104,0,0,"rot"
"128",113,"seed123prdrotatednt","GraphDB","sparql7",0.644606789858187,9,13962,0,0,"rot"
"129",114,"seed159prdrotatednt","GraphDB","sparql6",0.0551490863634692,9,163194,0,0,"rot"
"130",114,"seed159prdrotatednt","GraphDB","sparql5",0,0,3246027,0,9,"rot"
"131",114,"seed159prdrotatednt","GraphDB","sparql4",23.1362467866324,9,389,0,0,"rot"
"132",114,"seed159prdrotatednt","GraphDB","sparql3",0.0601198388788318,9,149701,0,0,"rot"
"133",114,"seed159prdrotatednt","GraphDB","sparql2",49.7237569060773,9,181,0,0,"rot"
"134",114,"seed159prdrotatednt","GraphDB","sparql1",4.31861804222649,9,2084,0,0,"rot"
"135",114,"seed159prdrotatednt","GraphDB","sparql0",87.378640776699,9,103,0,0,"rot"
"136",114,"seed159prdrotatednt","GraphDB","sparql7",1.08030248469571,9,8331,0,0,"rot"
"137",115,"seed1prdrotatednt","GraphDB","sparql6",0.117074693654552,9,76874,0,0,"rot"
"138",115,"seed1prdrotatednt","GraphDB","sparql5",0,0,3245798,0,9,"rot"
"139",115,"seed1prdrotatednt","GraphDB","sparql4",24.8618784530387,9,362,0,0,"rot"
"140",115,"seed1prdrotatednt","GraphDB","sparql3",0.0777947773772787,9,115689,0,0,"rot"
"141",115,"seed1prdrotatednt","GraphDB","sparql2",108.433734939759,9,83,0,0,"rot"
"142",115,"seed1prdrotatednt","GraphDB","sparql1",5.24781341107872,9,1715,0,0,"rot"
"143",115,"seed1prdrotatednt","GraphDB","sparql0",86.5384615384615,9,104,0,0,"rot"
"144",115,"seed1prdrotatednt","GraphDB","sparql7",0.909826122118884,9,9892,0,0,"rot"
"145",116,"seed321prdrotatednt","GraphDB","sparql6",0.210743221093055,9,42706,0,0,"rot"
"146",116,"seed321prdrotatednt","GraphDB","sparql5",0,0,3246029,0,9,"rot"
"147",116,"seed321prdrotatednt","GraphDB","sparql4",3.45887778631822,9,2602,0,0,"rot"
"148",116,"seed321prdrotatednt","GraphDB","sparql3",0.0780098812516252,9,115370,0,0,"rot"
"149",116,"seed321prdrotatednt","GraphDB","sparql2",115.384615384615,9,78,0,0,"rot"
"150",116,"seed321prdrotatednt","GraphDB","sparql1",3.90794615718628,9,2303,0,0,"rot"
"151",116,"seed321prdrotatednt","GraphDB","sparql0",111.111111111111,9,81,0,0,"rot"
"152",116,"seed321prdrotatednt","GraphDB","sparql7",0.615258408531583,9,14628,0,0,"rot"
"153",117,"seed333prdrotatednt","GraphDB","sparql6",0.170257846049072,9,52861,0,0,"rot"
"154",117,"seed333prdrotatednt","GraphDB","sparql5",0,0,3245452,0,9,"rot"
"155",117,"seed333prdrotatednt","GraphDB","sparql4",24.3243243243243,9,370,0,0,"rot"
"156",117,"seed333prdrotatednt","GraphDB","sparql3",0.0645401870231197,9,139448,0,0,"rot"
"157",117,"seed333prdrotatednt","GraphDB","sparql2",104.651162790698,9,86,0,0,"rot"
"158",117,"seed333prdrotatednt","GraphDB","sparql1",5.64617314930991,9,1594,0,0,"rot"
"159",117,"seed333prdrotatednt","GraphDB","sparql0",0.417226832321172,9,21571,0,0,"rot"
"160",117,"seed333prdrotatednt","GraphDB","sparql7",1.05882352941176,9,8500,0,0,"rot"
"161",118,"swfcTboxsf1R100i270reconnt","GraphDB","sparql6",8.11359026369168,16,1972,0,0,"rec"
"162",118,"swfcTboxsf1R100i270reconnt","GraphDB","sparql5",0.0054243723831641,16,2949650,0,0,"rec"
"163",118,"swfcTboxsf1R100i270reconnt","GraphDB","sparql4",0.0805011194686926,16,198755,0,0,"rec"
"164",118,"swfcTboxsf1R100i270reconnt","GraphDB","sparql3",0.0653544046826431,16,244819,0,0,"rec"
"165",118,"swfcTboxsf1R100i270reconnt","GraphDB","sparql2",112.676056338028,16,142,0,0,"rec"
"166",118,"swfcTboxsf1R100i270reconnt","GraphDB","sparql1",7.37327188940092,16,2170,0,0,"rec"
"167",118,"swfcTboxsf1R100i270reconnt","GraphDB","sparql0",107.38255033557,16,149,0,0,"rec"
"168",118,"swfcTboxsf1R100i270reconnt","GraphDB","sparql7",0.289367551046245,16,55293,0,0,"rec"
"169",119,"swfcTboxorgnt","Virtuoso","sparql6",47.2631347548912,430,9098,0,0,"org"
"170",119,"swfcTboxorgnt","Virtuoso","sparql5",0.170718044063518,430,2518773,0,0,"org"
"171",119,"swfcTboxorgnt","Virtuoso","sparql4",0.861390283918244,430,499193,0,0,"org"
"172",119,"swfcTboxorgnt","Virtuoso","sparql3",3.23111488491971,430,133081,0,0,"org"
"173",119,"swfcTboxorgnt","Virtuoso","sparql2",194.394213381555,430,2212,0,0,"org"
"174",119,"swfcTboxorgnt","Virtuoso","sparql1",3.17350199635416,430,135497,0,0,"org"
"175",119,"swfcTboxorgnt","Virtuoso","sparql0",357.142857142857,430,1204,0,0,"org"
"176",119,"swfcTboxorgnt","Virtuoso","sparql7",1.45661982899961,430,295204,0,0,"org"
"177",120,"seed123prdrotatednt","Virtuoso","sparql6",65.2915005489108,2260,34614,0,0,"rot"
"178",120,"seed123prdrotatednt","Virtuoso","sparql5",5.69242278077372,2260,397019,0,0,"rot"
"179",120,"seed123prdrotatednt","Virtuoso","sparql4",13.4635204127224,2260,167861,0,0,"rot"
"180",120,"seed123prdrotatednt","Virtuoso","sparql3",5.69997452666251,2260,396493,0,0,"rot"
"181",120,"seed123prdrotatednt","Virtuoso","sparql2",248.84386698965,2260,9082,0,0,"rot"
"182",120,"seed123prdrotatednt","Virtuoso","sparql1",5.5724592298171,2260,405566,0,0,"rot"
"183",120,"seed123prdrotatednt","Virtuoso","sparql0",510.849909584087,2260,4424,0,0,"rot"
"184",120,"seed123prdrotatednt","Virtuoso","sparql7",1.03894193417889,2260,2175290,0,0,"rot"
"185",121,"seed159prdrotatednt","Virtuoso","sparql6",65.8456706184284,3438,52213,0,0,"rot"
"186",121,"seed159prdrotatednt","Virtuoso","sparql5",5.58061620521344,3438,616061,0,0,"rot"
"187",121,"seed159prdrotatednt","Virtuoso","sparql4",13.2180438986694,3438,260099,0,0,"rot"
"188",121,"seed159prdrotatednt","Virtuoso","sparql3",5.67445652801825,3438,605873,0,0,"rot"
"189",121,"seed159prdrotatednt","Virtuoso","sparql2",252.924299271684,3438,13593,0,0,"rot"
"190",121,"seed159prdrotatednt","Virtuoso","sparql1",5.54503607983046,3438,620014,0,0,"rot"
"191",121,"seed159prdrotatednt","Virtuoso","sparql0",532.692903625659,3438,6454,0,0,"rot"
"192",121,"seed159prdrotatednt","Virtuoso","sparql7",2.43558935878399,3438,1411568,0,0,"rot"
"193",122,"seed1prdrotatednt","Virtuoso","sparql6",65.7425813499525,3671,55839,0,0,"rot"
"194",122,"seed1prdrotatednt","Virtuoso","sparql5",5.7333037635836,3671,640294,0,0,"rot"
"195",122,"seed1prdrotatednt","Virtuoso","sparql4",14.5931140854757,3671,251557,0,0,"rot"
"196",122,"seed1prdrotatednt","Virtuoso","sparql3",5.78470983479461,3671,634604,0,0,"rot"
"197",122,"seed1prdrotatednt","Virtuoso","sparql2",253.592152528323,3671,14476,0,0,"rot"
"198",122,"seed1prdrotatednt","Virtuoso","sparql1",5.65005663908589,3671,649728,0,0,"rot"
"199",122,"seed1prdrotatednt","Virtuoso","sparql0",532.106102333672,3671,6899,0,0,"rot"
"200",122,"seed1prdrotatednt","Virtuoso","sparql7",2.75814501787047,3671,1330967,0,0,"rot"
"201",123,"seed321prdrotatednt","Virtuoso","sparql6",63.5441480383032,4028,63389,0,0,"rot"
"202",123,"seed321prdrotatednt","Virtuoso","sparql5",5.6530556393721,4028,712535,0,0,"rot"
"203",123,"seed321prdrotatednt","Virtuoso","sparql4",12.6912591985629,4027,317305,0,0,"rot"
"204",123,"seed321prdrotatednt","Virtuoso","sparql3",5.71978859365923,4027,704047,0,0,"rot"
"205",123,"seed321prdrotatednt","Virtuoso","sparql2",253.492762743864,4028,15890,0,0,"rot"
"206",123,"seed321prdrotatednt","Virtuoso","sparql1",5.57818249298226,4028,722099,0,0,"rot"
"207",123,"seed321prdrotatednt","Virtuoso","sparql0",532.100396301189,4028,7570,0,0,"rot"
"208",123,"seed321prdrotatednt","Virtuoso","sparql7",3.87014082585423,4028,1040789,0,0,"rot"
"209",125,"swfcTboxsf1R100i270reconnt","Virtuoso","sparql6",50.1892915089237,464,9245,0,0,"rec"
"210",125,"swfcTboxsf1R100i270reconnt","Virtuoso","sparql5",0.178346162213522,464,2601682,0,0,"rec"
"211",125,"swfcTboxsf1R100i270reconnt","Virtuoso","sparql4",1.64446287376975,464,282159,0,0,"rec"
"212",125,"swfcTboxsf1R100i270reconnt","Virtuoso","sparql3",3.36546481856228,464,137871,0,0,"rec"
"213",125,"swfcTboxsf1R100i270reconnt","Virtuoso","sparql2",221.903395504543,464,2091,0,0,"rec"
"214",125,"swfcTboxsf1R100i270reconnt","Virtuoso","sparql1",3.31582520455926,464,139935,0,0,"rec"
"215",125,"swfcTboxsf1R100i270reconnt","Virtuoso","sparql0",299.548095545513,464,1549,0,0,"rec"
"216",125,"swfcTboxsf1R100i270reconnt","Virtuoso","sparql7",1.09729507305053,464,422858,0,0,"rec"
"217",126,"swfcTboxorgnt","hdt","sparql6",9.44003432739756,44,4661,0,0,"org"
"218",126,"swfcTboxorgnt","hdt","sparql5",0.0166618574487212,44,2640762,0,0,"org"
"219",126,"swfcTboxorgnt","hdt","sparql4",33.4600760456274,44,1315,0,0,"org"
"220",126,"swfcTboxorgnt","hdt","sparql3",0.0508694043655198,44,864960,0,0,"org"
"221",126,"swfcTboxorgnt","hdt","sparql2",141.935483870968,44,310,0,0,"org"
"222",126,"swfcTboxorgnt","hdt","sparql1",7.43494423791822,44,5918,0,0,"org"
"223",126,"swfcTboxorgnt","hdt","sparql0",108.108108108108,44,407,0,0,"org"
"224",126,"swfcTboxorgnt","hdt","sparql7",1.406604648189,44,31281,0,0,"org"
"225",127,"seed123prdrotatednt","hdt","sparql6",2.29895843107816,49,21314,0,0,"rot"
"226",127,"seed123prdrotatednt","hdt","sparql5",0.0166634530007308,49,2940567,0,0,"rot"
"227",127,"seed123prdrotatednt","hdt","sparql4",32.0261437908497,49,1530,0,0,"rot"
"228",127,"seed123prdrotatednt","hdt","sparql3",0.0904170810782883,49,541933,0,0,"rot"
"229",127,"seed123prdrotatednt","hdt","sparql2",139.60113960114,49,351,0,0,"rot"
"230",127,"seed123prdrotatednt","hdt","sparql1",8.2256169212691,49,5957,0,0,"rot"
"231",127,"seed123prdrotatednt","hdt","sparql0",147.147147147147,49,333,0,0,"rot"
"232",127,"seed123prdrotatednt","hdt","sparql7",1.11020482146094,49,44136,0,0,"rot"
"233",128,"seed159prdrotatednt","hdt","sparql6",1.77968256274289,49,27533,0,0,"rot"
"234",128,"seed159prdrotatednt","hdt","sparql5",0.0165689381102822,49,2957341,0,0,"rot"
"235",128,"seed159prdrotatednt","hdt","sparql4",45.0367647058823,49,1088,0,0,"rot"
"236",128,"seed159prdrotatednt","hdt","sparql3",0.0930359726436267,49,526678,0,0,"rot"
"237",128,"seed159prdrotatednt","hdt","sparql2",148.036253776435,49,331,0,0,"rot"
"238",128,"seed159prdrotatednt","hdt","sparql1",8.77664338169443,49,5583,0,0,"rot"
"239",128,"seed159prdrotatednt","hdt","sparql0",145.40059347181,49,337,0,0,"rot"
"240",128,"seed159prdrotatednt","hdt","sparql7",1.54911321172268,49,31631,0,0,"rot"
"241",129,"seed1prdrotatednt","hdt","sparql6",2.12960146029814,49,23009,0,0,"rot"
"242",129,"seed1prdrotatednt","hdt","sparql5",0.0164182815219278,49,2984478,0,0,"rot"
"243",129,"seed1prdrotatednt","hdt","sparql4",32.3432343234323,49,1515,0,0,"rot"
"244",129,"seed1prdrotatednt","hdt","sparql3",0.0937610623702414,49,522605,0,0,"rot"
"245",129,"seed1prdrotatednt","hdt","sparql2",148.484848484848,49,330,0,0,"rot"
"246",129,"seed1prdrotatednt","hdt","sparql1",8.70337477797513,49,5630,0,0,"rot"
"247",129,"seed1prdrotatednt","hdt","sparql0",148.036253776435,49,331,0,0,"rot"
"248",129,"seed1prdrotatednt","hdt","sparql7",1.52027551115386,49,32231,0,0,"rot"
"249",130,"seed321prdrotatednt","hdt","sparql6",2.0538184256853,49,23858,0,0,"rot"
"250",130,"seed321prdrotatednt","hdt","sparql5",0.0165990959251591,49,2951968,0,0,"rot"
"251",130,"seed321prdrotatednt","hdt","sparql4",34.6320346320346,48,1386,0,0,"rot"
"252",130,"seed321prdrotatednt","hdt","sparql3",0.0852177402030668,48,563263,0,0,"rot"
"253",130,"seed321prdrotatednt","hdt","sparql2",134.246575342466,49,365,0,0,"rot"
"254",130,"seed321prdrotatednt","hdt","sparql1",7.98956465025273,49,6133,0,0,"rot"
"255",130,"seed321prdrotatednt","hdt","sparql0",121.287128712871,49,404,0,0,"rot"
"256",130,"seed321prdrotatednt","hdt","sparql7",1.07225699155324,49,45698,0,0,"rot"
"257",131,"seed333prdrotatednt","hdt","sparql6",1.25084692760723,48,38374,0,0,"rot"
"258",131,"seed333prdrotatednt","hdt","sparql5",0.0164860527993318,48,2911552,0,0,"rot"
"259",131,"seed333prdrotatednt","hdt","sparql4",38.7096774193548,48,1240,0,0,"rot"
"260",131,"seed333prdrotatednt","hdt","sparql3",0.0822505110669776,48,583583,0,0,"rot"
"261",131,"seed333prdrotatednt","hdt","sparql2",145.896656534954,48,329,0,0,"rot"
"262",131,"seed333prdrotatednt","hdt","sparql1",8.28729281767956,48,5792,0,0,"rot"
"263",131,"seed333prdrotatednt","hdt","sparql0",35.6083086053412,48,1348,0,0,"rot"
"264",131,"seed333prdrotatednt","hdt","sparql7",1.3952677169932,48,34402,0,0,"rot"
"265",132,"swfcTboxsf1R100i270reconnt","hdt","sparql6",6.89655172413793,47,6815,0,0,"rec"
"266",132,"swfcTboxsf1R100i270reconnt","hdt","sparql5",0.0166610716188571,47,2820947,0,0,"rec"
"267",132,"swfcTboxsf1R100i270reconnt","hdt","sparql4",36.5950676213206,46,1257,0,0,"rec"
"268",132,"swfcTboxsf1R100i270reconnt","hdt","sparql3",0.0727964437354704,46,631899,0,0,"rec"
"269",132,"swfcTboxsf1R100i270reconnt","hdt","sparql2",118.387909319899,47,397,0,0,"rec"
"270",132,"swfcTboxsf1R100i270reconnt","hdt","sparql1",6.75578553974414,47,6957,0,0,"rec"
"271",132,"swfcTboxsf1R100i270reconnt","hdt","sparql0",132.768361581921,47,354,0,0,"rec"
"272",132,"swfcTboxsf1R100i270reconnt","hdt","sparql7",0.362299290047561,47,129727,0,0,"rec"
"273",260,"seed333prdrotatednt","Virtuoso","sparql6",71.5380998139478,3499,48911,0,0,"rot"
"274",260,"seed333prdrotatednt","Virtuoso","sparql5",5.93248932270606,3499,589803,0,0,"rot"
"275",260,"seed333prdrotatednt","Virtuoso","sparql4",14.2787749154009,3498,244979,0,0,"rot"
"276",260,"seed333prdrotatednt","Virtuoso","sparql3",5.99493053044338,3498,583493,0,0,"rot"
"277",260,"seed333prdrotatednt","Virtuoso","sparql2",263.562386980108,3498,13272,0,0,"rot"
"278",260,"seed333prdrotatednt","Virtuoso","sparql1",5.88004901721822,3498,594893,0,0,"rot"
"279",260,"seed333prdrotatednt","Virtuoso","sparql0",527.442702050663,3498,6632,0,0,"rot"
"280",260,"seed333prdrotatednt","Virtuoso","sparql7",2.33262669903981,3498,1499597,0,0,"rot"
